id_projeto,desc_nome,situacao,organizacao_resp,valor_investimento_previsto,qtd_investimentos_previstos,somente_investimento_001,dt_inicial_prevista,dt_final_prevista,natureza_intervencao,especie_intervencao,sistema_resp,latitude_representativa_publica,longitude_representativa_publica,qtd_coordenadas_encontradas,localizacao_disponivel
74711.42-59,PAC 2 - Cobertura de Quadra Escolar 064,Cadastrada,FUNDO NACIONAL DE DESENVOLVIMENTO DA EDUCAÇÃO,0.01,1,True,2014-12-18,2015-12-31,Obra,Reforma,SIMEC-FNDE,-27.59667,-48.54944,1,True
137124.42-02,Escola 06 Salas São Valentin II - Jaborá - SC,Cadastrada,FUNDO NACIONAL DE DESENVOLVIMENTO DA EDUCAÇÃO,0.01,1,True,2025-06-27,2026-07-22,Obra,Reforma,SIMEC-FNDE,-27.59667,-48.54944,1,True
72494.42-43,PAC 2 - Construção de Quadra Escolar Coberta 005,Cadastrada,FUNDO NACIONAL DE DESENVOLVIMENTO DA EDUCAÇÃO,0.01,1,True,2014-08-11,2014-12-09,Obra,Reforma,SIMEC-FNDE,-27.59667,-48.54944,1,True
87704.42-98,CEB Alberto Balduíno Barchfeld - Trombudo Central - SC,Em execução,FUNDO NACIONAL DE DESENVOLVIMENTO DA EDUCAÇÃO,0.01,1,True,2024-10-16,2025-12-31,Obra,Reforma,SIMEC-FNDE,-27.59667,-48.54944,1,True
137161.42-91,CEIM PRIMEIROS PASSOS - Lages - SC,Cadastrada,FUNDO NACIONAL DE DESENVOLVIMENTO DA EDUCAÇÃO,0.01,1,True,2025-11-21,2027-02-19,Obra,Reforma,SIMEC-FNDE,-27.59667,-48.54944,1,True
86844.42-36,Creche Municipal Núcleo Rio Doce - Lebon Régis - SC,Em execução,FUNDO NACIONAL DE DESENVOLVIMENTO DA EDUCAÇÃO,0.01,1,True,2023-07-11,2026-06-30,Obra,Reforma,SIMEC-FNDE,-27.59667,-48.54944,1,True
86901.42-96,EMEF Prof. Alice Olinger Dias - Guaramirim - SC,Cadastrada,FUNDO NACIONAL DE DESENVOLVIMENTO DA EDUCAÇÃO,0.01,1,True,2021-08-09,2022-01-08,Obra,Reforma,SIMEC-FNDE,-27.59667,-48.54944,1,True
73901.42-59,CEI Majorca,Cadastrada,FUNDO NACIONAL DE DESENVOLVIMENTO DA EDUCAÇÃO,0.01,1,True,2016-03-01,2019-09-08,Obra,Reforma,SIMEC-FNDE,-27.59667,-48.54944,1,True
88800.42-20,CEIM GIRASSOL - Lages - SC,Em execução,FUNDO NACIONAL DE DESENVOLVIMENTO DA EDUCAÇÃO,0.01,1,True,2025-06-11,2026-06-11,Obra,Reforma,SIMEC-FNDE,-27.59667,-48.54944,1,True
85624.42-86,EMEB SAUL DE ATHAYDE,Paralisada,FUNDO NACIONAL DE DESENVOLVIMENTO DA EDUCAÇÃO,0.01,1,True,2018-06-11,2021-11-02,Obra,Reforma,SIMEC-FNDE,-27.59667,-48.54944,1,True
87902.42-21,EMEBI Pe Cláudio Longen - Rio Negrinho - SC,Em execução,FUNDO NACIONAL DE DESENVOLVIMENTO DA EDUCAÇÃO,0.01,1,True,2024-02-26,2026-02-16,Obra,Reforma,SIMEC-FNDE,-27.59667,-48.54944,1,True
87255.42-00,Construção Escola Nova Bernardo Rohden - Salete - SC,Em execução,FUNDO NACIONAL DE DESENVOLVIMENTO DA EDUCAÇÃO,0.01,1,True,2021-11-29,2026-11-19,Obra,Reforma,SIMEC-FNDE,-27.59667,-48.54944,1,True
86796.42-97,ESPAÇO CRIANÇA FELIZ - Doutor Pedrinho - SC,Em execução,FUNDO NACIONAL DE DESENVOLVIMENTO DA EDUCAÇÃO,0.01,1,True,2023-02-13,2026-12-31,Obra,Reforma,SIMEC-FNDE,-27.59667,-48.54944,1,True
83973.42-02,CEI RODOLFO SESTREM,Paralisada,FUNDO NACIONAL DE DESENVOLVIMENTO DA EDUCAÇÃO,0.01,1,True,2016-12-01,2022-06-19,Obra,Reforma,SIMEC-FNDE,-27.59667,-48.54944,1,True
80001.42-48,CEIM BAIRRO SANTA HELENA,Paralisada,FUNDO NACIONAL DE DESENVOLVIMENTO DA EDUCAÇÃO,0.01,1,True,2020-02-14,2021-06-13,Obra,Reforma,SIMEC-FNDE,-27.59667,-48.54944,1,True
87957.42-10,TERRENO URBANO - Painel - SC,Em execução,FUNDO NACIONAL DE DESENVOLVIMENTO DA EDUCAÇÃO,0.01,1,True,2023-11-27,2026-05-27,Obra,Reforma,SIMEC-FNDE,-27.59667,-48.54944,1,True
132710.42-97,CEIM PRIMEIROS PASSOS - Lages - SC,Cadastrada,FUNDO NACIONAL DE DESENVOLVIMENTO DA EDUCAÇÃO,0.01,1,True,2025-11-21,2027-02-19,Obra,Reforma,SIMEC-FNDE,-27.59667,-48.54944,1,True
138928.42-70,CEIM PRIMEIROS PASSOS - Lages - SC,Cadastrada,FUNDO NACIONAL DE DESENVOLVIMENTO DA EDUCAÇÃO,0.01,1,True,2025-11-21,2027-02-19,Obra,Reforma,SIMEC-FNDE,-27.59667,-48.54944,1,True
79999.42-50,Creche Portal do Ribeirão,Cadastrada,FUNDO NACIONAL DE DESENVOLVIMENTO DA EDUCAÇÃO,0.01,1,True,2016-06-29,2017-08-03,Obra,Reforma,SIMEC-FNDE,-27.59667,-48.54944,1,True
87559.42-30,Quadra Municipal Santo Agostinho - Quilombo - SC,Em execução,FUNDO NACIONAL DE DESENVOLVIMENTO DA EDUCAÇÃO,0.01,1,True,2025-07-21,2026-07-21,Obra,Reforma,SIMEC-FNDE,-27.59667,-48.54944,1,True
72492.42-30,PAC 2 - Construção de Quadra Escolar Coberta 003,Cadastrada,FUNDO NACIONAL DE DESENVOLVIMENTO DA EDUCAÇÃO,0.01,1,True,2014-07-03,2014-10-31,Obra,Reforma,SIMEC-FNDE,-27.59667,-48.54944,1,True
87173.42-43,CONSTRUÇÃO DE CRECHE - Massaranduba - SC,Em execução,FUNDO NACIONAL DE DESENVOLVIMENTO DA EDUCAÇÃO,0.01,1,True,2025-08-20,2026-08-20,Obra,Reforma,SIMEC-FNDE,-27.59667,-48.54944,1,True
86840.42-10,NOSSO SONHO - Maravilha - SC,Cadastrada,FUNDO NACIONAL DE DESENVOLVIMENTO DA EDUCAÇÃO,0.01,1,True,2021-05-31,2022-12-31,Obra,Reforma,SIMEC-FNDE,-27.59667,-48.54944,1,True
88027.42-53,QUADRA COBERTA ESCOLA MUN. PROF. ARLINDO B. ZIMMERMANN - Luiz Alves - SC,Em execução,FUNDO NACIONAL DE DESENVOLVIMENTO DA EDUCAÇÃO,0.01,1,True,2024-08-20,2026-08-20,Obra,Reforma,SIMEC-FNDE,-27.59667,-48.54944,1,True
78957.42-09,LOTE 131 - INSTITUCIONAL,Cadastrada,FUNDO NACIONAL DE DESENVOLVIMENTO DA EDUCAÇÃO,0.01,1,True,2015-12-11,2020-12-31,Obra,Reforma,SIMEC-FNDE,-27.59667,-48.54944,1,True
84180.42-04,CEI SÃO JOÃO,Paralisada,FUNDO NACIONAL DE DESENVOLVIMENTO DA EDUCAÇÃO,0.01,1,True,2020-04-28,2021-10-28,Obra,Reforma,SIMEC-FNDE,-27.59667,-48.54944,1,True
72490.42-28,PAC 2 - Construção de Quadra Escolar Coberta 013,Cadastrada,FUNDO NACIONAL DE DESENVOLVIMENTO DA EDUCAÇÃO,0.01,1,True,2014-08-11,2014-12-09,Obra,Reforma,SIMEC-FNDE,-27.59667,-48.54944,1,True
80202.42-40,PAC 2 - Construção de Quadra Escolar Coberta 001/2013 - Imbituba - SC,Cadastrada,FUNDO NACIONAL DE DESENVOLVIMENTO DA EDUCAÇÃO,0.01,1,True,2015-08-27,2016-04-30,Obra,Reforma,SIMEC-FNDE,-27.59667,-48.54944,1,True
74743.42-53,PAC 2 - Cobertura de Quadra Escolar 022,Cadastrada,FUNDO NACIONAL DE DESENVOLVIMENTO DA EDUCAÇÃO,0.01,1,True,2014-12-18,2015-12-31,Obra,Reforma,SIMEC-FNDE,-27.59667,-48.54944,1,True
76945.42-70,"Quadra 50, Loteamento São Cristóvão",Paralisada,FUNDO NACIONAL DE DESENVOLVIMENTO DA EDUCAÇÃO,0.01,1,True,2019-09-05,2023-03-02,Obra,Reforma,SIMEC-FNDE,-27.59667,-48.54944,1,True
85835.42-46,Creche Areias do Campeche II,Cadastrada,FUNDO NACIONAL DE DESENVOLVIMENTO DA EDUCAÇÃO,0.01,1,True,2016-05-31,2017-07-05,Obra,Reforma,SIMEC-FNDE,-27.59667,-48.54944,1,True
80472.42-38,PAC 2 - Cobertura de Quadra Escolar 001/2013 - Imbituba - SC,Cadastrada,FUNDO NACIONAL DE DESENVOLVIMENTO DA EDUCAÇÃO,0.01,1,True,2015-08-27,2016-04-30,Obra,Reforma,SIMEC-FNDE,-27.59667,-48.54944,1,True
83978.42-74,CEIM BAIRRO CENTENÁRIO,Paralisada,FUNDO NACIONAL DE DESENVOLVIMENTO DA EDUCAÇÃO,0.01,1,True,2020-02-27,2022-03-25,Obra,Reforma,SIMEC-FNDE,-27.59667,-48.54944,1,True
87078.42-47,ESCOLA PAULO HENRIQUE PISSAIA - Descanso - SC,Em execução,FUNDO NACIONAL DE DESENVOLVIMENTO DA EDUCAÇÃO,0.01,1,True,2022-03-29,2026-03-31,Obra,Reforma,SIMEC-FNDE,-27.59667,-48.54944,1,True
72489.42-58,PAC 2 - Construção de Quadra Escolar Coberta 006,Cadastrada,FUNDO NACIONAL DE DESENVOLVIMENTO DA EDUCAÇÃO,0.01,1,True,2014-07-03,2014-10-31,Obra,Reforma,SIMEC-FNDE,-27.59667,-48.54944,1,True
87922.42-56,EEB PRES ARTUR da COSTA e SILVA - Santa Catarina - SC,Em execução,FUNDO NACIONAL DE DESENVOLVIMENTO DA EDUCAÇÃO,0.01,1,True,2024-04-03,2025-09-08,Obra,Reforma,SIMEC-FNDE,-27.59667,-48.54944,1,True
78920.42-32,EMENDA PARLAMENTAR 28560003 - Terreno UEI Encano Baixo,Paralisada,FUNDO NACIONAL DE DESENVOLVIMENTO DA EDUCAÇÃO,0.01,1,True,2019-11-25,2022-09-25,Obra,Reforma,SIMEC-FNDE,-27.59667,-48.54944,1,True
87401.42-04,Quadra Carlos Doetsch - São Bento do Sul - SC,Em execução,FUNDO NACIONAL DE DESENVOLVIMENTO DA EDUCAÇÃO,0.01,1,True,2024-11-06,2026-07-08,Obra,Reforma,SIMEC-FNDE,-27.59667,-48.54944,1,True
86070.42-27,Escola 12 salas Zona Sul - Balneário Rincão - SC,Em execução,FUNDO NACIONAL DE DESENVOLVIMENTO DA EDUCAÇÃO,0.01,1,True,2014-11-12,2017-11-17,Obra,Reforma,SIMEC-FNDE,-27.59667,-48.54944,1,True
86922.42-77,PMLR KM 26 - Lebon Régis - SC,Cadastrada,FUNDO NACIONAL DE DESENVOLVIMENTO DA EDUCAÇÃO,0.01,1,True,2021-06-21,2021-12-31,Obra,Reforma,SIMEC-FNDE,-27.59667,-48.54944,1,True
82121.42-09,CEI São Martinho,Paralisada,FUNDO NACIONAL DE DESENVOLVIMENTO DA EDUCAÇÃO,0.01,1,True,2017-11-14,2022-12-03,Obra,Reforma,SIMEC-FNDE,-27.59667,-48.54944,1,True
87904.42-34,ESCOLA LOTEAMENTO RESIDENCIAL GARUVA - I - Garuva - SC,Em execução,FUNDO NACIONAL DE DESENVOLVIMENTO DA EDUCAÇÃO,0.01,1,True,2024-07-02,2026-06-08,Obra,Reforma,SIMEC-FNDE,-27.59667,-48.54944,1,True
86815.42-00,ERWIN MANZKE - Blumenau - SC,Em execução,FUNDO NACIONAL DE DESENVOLVIMENTO DA EDUCAÇÃO,0.01,1,True,2022-12-20,2025-12-08,Obra,Reforma,SIMEC-FNDE,-27.59667,-48.54944,1,True
98514.42-88,Implantação de pórtico turístico no acesso norte do município de Garopaba/SC,Cadastrada,MINISTERIO DA ECONOMIA,0.01,1,True,2025-10-01,2027-07-31,Obra,Construção,Transferegov.br,-27.96527,-48.64722,1,True
74418.42-19,PAC 2 - Construção de Quadra Escolar Coberta 014,Cadastrada,FUNDO NACIONAL DE DESENVOLVIMENTO DA EDUCAÇÃO,0.01,1,True,2014-12-18,2015-12-31,Obra,Reforma,SIMEC-FNDE,-27.59667,-48.54944,1,True
86644.42-90,Bairro São Domingos,Cadastrada,FUNDO NACIONAL DE DESENVOLVIMENTO DA EDUCAÇÃO,0.01,1,True,2018-09-13,2020-12-31,Obra,Reforma,SIMEC-FNDE,-27.59667,-48.54944,1,True
75761.42-54,PAC 2 - Construção de Quadra Escolar Coberta 015,Cadastrada,FUNDO NACIONAL DE DESENVOLVIMENTO DA EDUCAÇÃO,0.01,1,True,2014-12-18,2015-12-31,Obra,Reforma,SIMEC-FNDE,-27.59667,-48.54944,1,True
87703.42-31,Quadra Esportiva Passo da Limeira - Alfredo Wagner - SC,Em execução,FUNDO NACIONAL DE DESENVOLVIMENTO DA EDUCAÇÃO,0.01,1,True,2022-02-04,2024-07-28,Obra,Reforma,SIMEC-FNDE,-27.59667,-48.54944,1,True
87348.42-70,Quadra Coberta Escola Iaro - Guaramirim - SC,Cadastrada,FUNDO NACIONAL DE DESENVOLVIMENTO DA EDUCAÇÃO,0.01,1,True,2019-08-12,2022-07-02,Obra,Reforma,SIMEC-FNDE,-27.59667,-48.54944,1,True
138872.42-02,Escola 06 Salas São Valentin II - Jaborá - SC,Cadastrada,FUNDO NACIONAL DE DESENVOLVIMENTO DA EDUCAÇÃO,0.01,1,True,2025-06-27,2026-10-22,Obra,Reforma,SIMEC-FNDE,-27.59667,-48.54944,1,True
87400.42-58,Escola Bilíngue para Surdos - Laguna - SC,Em execução,FUNDO NACIONAL DE DESENVOLVIMENTO DA EDUCAÇÃO,0.01,1,True,2024-12-12,2027-04-01,Obra,Reforma,SIMEC-FNDE,-27.59667,-48.54944,1,True
87342.42-41,ESCOLA BÁSICA MUNICIPAL PROFESSORA LOURDES GARCIA - Santo Amaro da Imperatriz - SC,Cadastrada,FUNDO NACIONAL DE DESENVOLVIMENTO DA EDUCAÇÃO,0.01,1,True,2020-02-07,2021-02-06,Obra,Reforma,SIMEC-FNDE,-27.59667,-48.54944,1,True
85017.42-49,ESCOLA MUNICIPAL LUIZ SAVOLDI - Dionísio Cerqueira - SC,Em execução,FUNDO NACIONAL DE DESENVOLVIMENTO DA EDUCAÇÃO,0.01,1,True,2023-03-28,2026-12-30,Obra,Reforma,SIMEC-FNDE,-27.59667,-48.54944,1,True
132662.42-92,Escola 06 Salas São Valentin II - Jaborá - SC,Cadastrada,FUNDO NACIONAL DE DESENVOLVIMENTO DA EDUCAÇÃO,0.01,1,True,2025-06-27,2026-07-22,Obra,Reforma,SIMEC-FNDE,-27.59667,-48.54944,1,True
83976.42-61,Creche Red Park,Cadastrada,FUNDO NACIONAL DE DESENVOLVIMENTO DA EDUCAÇÃO,0.01,1,True,2019-11-08,2021-05-07,Obra,Reforma,SIMEC-FNDE,-27.59667,-48.54944,1,True
86068.42-00,Creche Cachoeira do Bom Jesus,Cadastrada,FUNDO NACIONAL DE DESENVOLVIMENTO DA EDUCAÇÃO,0.01,1,True,2016-06-29,2017-08-03,Obra,Reforma,SIMEC-FNDE,-27.59667,-48.54944,1,True
