id_projeto,situacao,score_temporal_v2,desc_nome,sistema_resp,natureza_intervencao,especie_intervencao,atraso_observavel_dias,faixa_temporal_v2,score_financeiro_v2,valor_planejado_utilizavel_total,financeiro_comparavel_v2,faixa_financeira_v2,motivo_financeiro,score_fisico_v2,fisico_calculavel_v2,motivo_calculabilidade,percentual_numerico,progresso_linear_esperado,score_situacao_v2,fisico_esperado_v2,tem_temporal,tem_situacao,tem_financeiro,tem_fisico,qtd_componentes_esperados,qtd_componentes_disponiveis,ipi_completo_v2,motivo_completude,ipi_v2,ipi_v2_exibicao,prioridade_A_ipi_v2_estrito,calculavel_A,calculavel_B,prioridade_B_3_componentes,calculavel_C,prioridade_C_2_componentes,tem_temporal_final,tem_situacao_final,tem_financeiro_final,ipi_final_calculavel,ipi_final,contrib_temporal_ipi,contrib_situacao_ipi,contrib_financeiro_ipi,ipi_final_por_pesos,motivo_ipi_final,sinal_fisico_disponivel,posicao_ipi_final,qtd_pins,qtd_pins_coordenada_completa,qtd_pins_validos_sc,qtd_pins_invalidos_ou_fora_sc,qualidade_localizacao,tem_ponto_representativo,indice_pin_representativo,latitude_representativa,longitude_representativa,soma_distancias_medoide_km,apto_localizacao_rota,id_local,id_tarefa,tempo_servico_min,premio_ipi,qtd_projetos_coordenada,coordenada_exclusiva,coordenada_compartilhada,apta_rota_automatica_v1,classe_uso_espacial_v1,distancia_haversine_origem_km,tempo_proxy_solo_min,eficiencia_proxy,rank_distancia,rank_ipi,rank_eficiencia,score_triagem,canal_proximidade,canal_ipi,canal_eficiencia
99255.42-58,Cadastrada,60,PARQUE LINEAR COM BACIA DE DETENCAO   RIO CAMBORIU EM CAMBORIU  SC,SIMEC-MCID,Obra,Construção,263.0,203_a_492_dias,100.0,9706222.41,True,acima_P90,05_com_investimento_utilizavel,,,,,,0,False,True,True,True,False,3,3,True,completo,53.333333333333336,53.33,53.333333333333336,True,True,53.333333333333336,True,30.0,True,True,True,True,53.333333333333336,20.0,0.0,33.33333333333333,53.33333333333333,calculavel,False,257,1,1,1,0,localizacao_valida,True,0.0,-27.02645,-48.64999,0.0,True,L1716,P_99255.42-58,45.0,53.333333333333336,1,True,False,True,rota_automatica_v1,0.1686431965681166,45.47894667825345,1.1727037943654837,1.0,14.0,3.0,0.015625,True,True,True
5655.42-49,Cadastrada,100,Construção da quadra poliesportiva coberta do IFC Campus Camboriú.,CIPI,Obra,Construção,1338.0,acima_de_934_dias,60.0,896309.92,True,P50_a_P75,05_com_investimento_utilizavel,,,,,,0,False,True,True,True,False,3,3,True,completo,53.333333333333336,53.33,53.333333333333336,True,True,53.333333333333336,True,50.0,True,True,True,True,53.333333333333336,33.33333333333333,0.0,20.0,53.33333333333333,calculavel,False,157,2,2,2,0,localizacao_valida,True,0.0,-27.0165566960324,-48.6576739076863,0.0042512340699543,True,L1736,P_5655.42-49,45.0,53.333333333333336,1,True,False,True,rota_automatica_v1,1.1701487982664205,48.323222587076636,1.1036791521349527,5.0,14.0,4.0,0.0195,True,True,True
34216.42-00,Inacabada,80,CR 909543/2020 - REFORMA E REVITALIZAÇÃO DE ACESSO A ORLA DA AVENIDA ATLÂNTICA NO MUNICÍPIO DE BALNEÁRIO CAMBORIÚ/SC,Transferegov.br,Obra,Reforma,619.0,493_a_934_dias,80.0,1912413.42,True,P75_a_P90,05_com_investimento_utilizavel,100.0,True,08_calculavel,0.0,100.0,80,True,True,True,True,True,4,4,True,completo,85.0,85.0,85.0,True,True,80.0,True,80.0,True,True,True,True,80.0,26.666666666666664,26.666666666666664,26.666666666666664,80.0,calculavel,True,3,1,1,1,0,localizacao_valida,True,0.0,-26.98777,-48.63172,0.0,True,L1818,P_34216.42-00,45.0,80.0,1,True,False,True,rota_automatica_v1,4.593635387771779,58.045924501271855,1.378219068562636,26.0,1.0,1.0,0.02125,False,True,True
33621.42-09,Inacabada,80,CR 890011/2019 - CONSTRUÇÃO DE CALÇADÃO DE ACESSO A PRAÇA DO PESCADOR NO BAIRRO DA BARRA NO MUNICÍPIO DE BALNEÁRIO CAMBORIÚ/SC.,Transferegov.br,Obra,Construção,886.0,493_a_934_dias,60.0,549286.89,True,P50_a_P75,05_com_investimento_utilizavel,100.0,True,08_calculavel,0.0,100.0,80,True,True,True,True,True,4,4,True,completo,80.0,80.0,80.0,True,True,73.33333333333333,True,80.0,True,True,True,True,73.33333333333333,26.666666666666664,26.666666666666664,20.0,73.33333333333333,calculavel,True,18,3,3,3,0,localizacao_valida,True,1.0,-27.00773,-48.60363,0.1838319669959975,True,L1770,P_33621.42-09,45.0,73.33333333333333,1,True,False,True,rota_automatica_v1,5.09212479774,59.4616344255816,1.233288220913481,29.0,2.0,2.0,0.02525,False,True,True
6606.42-35,Cadastrada,80,Delegacia e Unidade Operacional da Polícia Rodoviária Federal em Balneário Camboriú/SC,CIPI,Obra,Construção,882.0,493_a_934_dias,100.0,6404421.54,True,acima_P90,05_com_investimento_utilizavel,,,,,,0,False,True,True,True,False,3,3,True,completo,60.0,60.0,60.0,True,True,60.0,True,40.0,True,True,True,True,60.0,26.666666666666664,0.0,33.33333333333333,59.99999999999999,calculavel,False,91,1,1,1,0,localizacao_valida,True,0.0,-27.0114800228983,-48.61459,0.0,True,L1756,P_6606.42-35,45.0,60.0,1,True,False,True,rota_automatica_v1,3.9295916755169613,56.160040358468166,1.0683753006055812,23.0,8.0,5.0,0.028625,False,True,True
4931.42-00,Cadastrada,100,REFORMA DA ENFERMARIA DO CAMPUS CAMBORIÚ,CIPI,Obra,Reforma,1634.0,acima_de_934_dias,40.0,300000.0,True,P25_a_P50,05_com_investimento_utilizavel,,,,,,0,False,True,True,True,False,3,3,True,completo,46.66666666666666,46.67,46.66666666666666,True,True,46.66666666666666,True,50.0,True,True,True,True,46.66666666666666,33.33333333333333,0.0,13.333333333333332,46.66666666666666,calculavel,False,313,1,1,1,0,localizacao_valida,True,0.0,-27.0157377492832,-48.6548174297229,0.0,True,L1742,P_4931.42-00,45.0,46.66666666666666,1,True,False,True,rota_automatica_v1,1.1252352140164843,48.195668007806816,0.9682751291901901,4.0,24.0,6.0,0.029249999999999998,True,True,True
24600.42-07,Cadastrada,80,Ampliação de bloco para laboratórios do Curso de Agronomia,CIPI,Obra,Ampliação,881.0,493_a_934_dias,60.0,623074.45,True,P50_a_P75,05_com_investimento_utilizavel,,,,,,0,False,True,True,True,False,3,3,True,completo,46.66666666666666,46.67,46.66666666666666,True,True,46.66666666666666,True,40.0,True,True,True,True,46.66666666666666,26.666666666666664,0.0,20.0,46.66666666666666,calculavel,False,361,1,1,1,0,localizacao_valida,True,0.0,-27.01528708401,-48.6579864115706,0.0,True,L1743,P_24600.42-07,45.0,46.66666666666666,1,True,False,True,rota_automatica_v1,1.3057418054584196,48.70830672750191,0.958084355667357,8.0,24.0,7.0,0.033124999999999995,True,True,True
5659.42-08,Cadastrada,100,Construção da rampa de acesso ao segundo piso do Bloco J do IFC Campus Camboriú.,CIPI,Obra,Construção,1368.0,acima_de_934_dias,40.0,392883.84,True,P25_a_P50,05_com_investimento_utilizavel,,,,,,0,False,True,True,True,False,3,3,True,completo,46.66666666666666,46.67,46.66666666666666,True,True,46.66666666666666,True,50.0,True,True,True,True,46.66666666666666,33.33333333333333,0.0,13.333333333333332,46.66666666666666,calculavel,False,319,1,1,1,0,localizacao_valida,True,0.0,-27.0164351937271,-48.65984764138,0.0,True,L1738,P_5659.42-08,45.0,46.66666666666666,1,True,False,True,rota_automatica_v1,1.3124405629075382,48.72733119865741,0.9577102935601052,9.0,24.0,8.0,0.034749999999999996,True,False,True
4929.42-30,Em execução,0,CONSTRUÇÃO DO CENTRO DE INICIAÇÃO AO ESPORTE DO IFC CAMPUS CAMBORIU,CIPI,Obra,Construção,0.0,sem_atraso_observavel,100.0,5184267.61,True,acima_P90,05_com_investimento_utilizavel,75.88004333694475,True,08_calculavel,14.64,90.52004333694477,20,True,True,True,True,True,4,4,True,completo,48.97001083423619,48.97,48.97001083423619,True,True,40.0,True,10.0,True,True,True,True,40.0,0.0,6.666666666666666,33.33333333333333,39.99999999999999,calculavel,True,733,1,1,1,0,localizacao_valida,True,0.0,-27.0159786817851,-48.6554200643444,0.0,True,L1740,P_4929.42-30,45.0,40.0,1,True,False,True,rota_automatica_v1,1.1213510633425796,48.184637019892925,0.8301401125733516,3.0,44.0,9.0,0.048625,True,False,True
63721.42-47,Em execução,0,Construção do Ginásio CIE,CIPI,Obra,Construção,0.0,sem_atraso_observavel,100.0,5287167.58,True,acima_P90,05_com_investimento_utilizavel,58.43222222222223,True,08_calculavel,13.79,72.22222222222223,20,True,True,True,True,True,4,4,True,completo,44.60805555555556,44.61,44.60805555555556,True,True,40.0,True,10.0,True,True,True,True,40.0,0.0,6.666666666666666,33.33333333333333,39.99999999999999,calculavel,True,746,1,1,1,0,localizacao_valida,True,0.0,-27.01653009224355,-48.65822479997291,0.0,True,L1737,P_63721.42-47,45.0,40.0,1,True,False,True,rota_automatica_v1,1.2037681680092303,48.41870159714621,0.8261270682722643,6.0,44.0,10.0,0.05175,True,False,True
5657.42-73,Cadastrada,100,Aquisição de plataforma elevatória para o IFC Campus Camboriú.,CIPI,Outros,Fabricação,1583.0,acima_de_934_dias,20.0,69995.0,True,ate_P25,05_com_investimento_utilizavel,,,,,,0,False,True,True,True,False,3,3,True,completo,40.0,40.0,40.0,True,True,40.0,True,50.0,True,True,True,True,40.0,33.33333333333333,0.0,6.666666666666666,39.99999999999999,calculavel,False,494,2,2,2,0,localizacao_valida,True,0.0,-27.0151767479879,-48.6580073961675,0.0013352493618734,True,L1744,P_5657.42-73,45.0,40.0,1,True,False,True,rota_automatica_v1,1.3172975442671044,48.741125025718574,0.8206622226896433,10.0,44.0,11.0,0.055625,True,False,True
5658.42-30,Cadastrada,100,Construção de escada de acesso ao segundo piso do setor de abatedouro do IFC Campus Camboriú.,CIPI,Obra,Construção,1460.0,acima_de_934_dias,20.0,30368.51,True,ate_P25,05_com_investimento_utilizavel,,,,,,0,False,True,True,True,False,3,3,True,completo,40.0,40.0,40.0,True,True,40.0,True,50.0,True,True,True,True,40.0,33.33333333333333,0.0,6.666666666666666,39.99999999999999,calculavel,False,495,2,2,2,0,localizacao_valida,True,0.0,-27.0141260483745,-48.6594423920729,0.0012551604831083,True,L1749,P_5658.42-30,45.0,40.0,1,True,False,True,rota_automatica_v1,1.4922080507355344,49.23787086408892,0.812382812214034,11.0,44.0,12.0,0.057249999999999995,True,False,True
39119.42-06,Em execução,0,Escola em Tempo Integral no bairro São Francisco de Assis,Transferegov.br,Obra,Construção,0.0,sem_atraso_observavel,100.0,12119863.2,True,acima_P90,05_com_investimento_utilizavel,,False,04_inicio_e_fim_ausentes,37.8,,20,True,True,True,True,False,4,3,False,ausente_fisico,,,,False,True,40.0,True,10.0,True,True,True,True,40.0,0.0,6.666666666666666,33.33333333333333,39.99999999999999,calculavel,False,713,1,1,1,0,localizacao_valida,True,0.0,-27.02658,-48.63175,0.0,True,L1715,P_39119.42-06,45.0,40.0,1,True,False,True,rota_automatica_v1,1.9219466519202255,50.45832849145344,0.7927333543515049,13.0,44.0,13.0,0.059625,True,False,True
49791.42-02,Em execução,0,CONSTRUÇÃO DE UNIDADE BÁSICA DE SAÚDE,SISMOB,Obra,Construção,0.0,sem_atraso_observavel,100.0,5326268.0,True,acima_P90,05_com_investimento_utilizavel,38.27392120075047,True,08_calculavel,0.0,38.27392120075047,20,True,True,True,True,True,4,4,True,completo,39.568480300187616,39.57,39.568480300187616,True,True,40.0,True,10.0,True,True,True,True,40.0,0.0,6.666666666666666,33.33333333333333,39.99999999999999,calculavel,True,734,1,1,1,0,localizacao_valida,True,0.0,-27.04264366358764,-48.65226611812593,0.0,True,L1689,P_49791.42-02,45.0,40.0,1,True,False,True,rota_automatica_v1,1.9319855577084533,50.48683898389201,0.7922856888061883,14.0,44.0,14.0,0.06125,True,False,True
49792.42-59,Em execução,0,CONSTRUÇÃO DE UNIDADE BÁSICA DE SAÚDE,SISMOB,Obra,Construção,0.0,sem_atraso_observavel,100.0,5326268.0,True,acima_P90,05_com_investimento_utilizavel,38.27392120075047,True,08_calculavel,0.0,38.27392120075047,20,True,True,True,True,True,4,4,True,completo,39.568480300187616,39.57,39.568480300187616,True,True,40.0,True,10.0,True,True,True,True,40.0,0.0,6.666666666666666,33.33333333333333,39.99999999999999,calculavel,True,735,1,1,1,0,localizacao_valida,True,0.0,-27.0029,-48.6619,0.0,True,L1785,P_49792.42-59,45.0,40.0,1,True,False,True,rota_automatica_v1,2.7108266090540423,52.69874756971348,0.7590313213247674,15.0,44.0,15.0,0.062875,True,False,True
55491.42-41,Cadastrada,60,CONSTRUÇÃO DE UNIDADE DE PRONTO ATENDIMENTO - PORTE I,SISMOB,Obra,Construção,492.0,203_a_492_dias,80.0,2200000.0,True,P75_a_P90,05_com_investimento_utilizavel,,,,,,0,False,True,True,True,False,3,3,True,completo,46.66666666666666,46.67,46.66666666666666,True,True,46.66666666666666,True,30.0,True,True,True,True,46.66666666666666,20.0,0.0,26.666666666666664,46.66666666666666,calculavel,False,431,1,1,1,0,localizacao_valida,True,0.0,-27.08759437552025,-48.629007339477546,0.0,True,L1585,P_55491.42-41,45.0,46.66666666666666,1,True,False,True,rota_automatica_v1,7.264101024687634,65.63004691011288,0.7110564271054304,38.0,24.0,17.0,0.06437499999999999,False,False,True
118283.42-62,Em execução,40,"Construção de Pista de Skate, Patins e Similares no Município de Balneário Camboriú/SC.",CIPI,Obra,Construção,175.0,168_a_202_dias,60.0,868181.82,True,P50_a_P75,05_com_investimento_utilizavel,100.0,True,08_calculavel,0.0,100.0,20,True,True,True,True,True,4,4,True,completo,55.0,55.0,55.0,True,True,40.0,True,30.0,True,True,True,True,40.0,13.333333333333332,6.666666666666666,20.0,40.0,calculavel,True,642,1,1,1,0,localizacao_valida,True,0.0,-26.9952814,-48.6306498,0.0,True,L1803,P_118283.42-62,45.0,40.0,1,True,False,True,rota_automatica_v1,3.9046258597298356,56.08913744163273,0.7131505639862024,22.0,44.0,16.0,0.069,False,False,True
19256.42-84,Em execução,0,Pavimentação em vias urbanas do município de Balneário Camboriú.,Transferegov.br,Obra,Construção,0.0,sem_atraso_observavel,100.0,4881919.0,True,acima_P90,05_com_investimento_utilizavel,,False,04_inicio_e_fim_ausentes,64.64,,20,True,True,True,True,False,4,3,False,ausente_fisico,,,,False,True,40.0,True,10.0,True,True,True,True,40.0,0.0,6.666666666666666,33.33333333333333,39.99999999999999,calculavel,False,679,1,1,1,0,localizacao_valida,True,0.0,-26.9864,-48.6428,0.0,True,L1821,P_19256.42-84,45.0,40.0,1,True,False,True,rota_automatica_v1,4.402953905343499,57.50438909117554,0.6955990774300441,24.0,44.0,18.0,0.07225,False,False,True
3886.42-09,Cadastrada,100,Obra de Reforma no CEPSUL,CIPI,Obra,Reforma,1703.0,acima_de_934_dias,40.0,380000.0,True,P25_a_P50,05_com_investimento_utilizavel,,,,,,0,False,True,True,True,False,3,3,True,completo,46.66666666666666,46.67,46.66666666666666,True,True,46.66666666666666,True,50.0,True,True,True,True,46.66666666666666,33.33333333333333,0.0,13.333333333333332,46.66666666666666,calculavel,False,306,1,1,1,0,localizacao_valida,True,0.0,-26.9093200227242,-48.65214,0.0,True,L1967,P_3886.42-09,45.0,46.66666666666666,1,True,False,True,rota_automatica_v1,12.896814735365238,81.62695384843727,0.5717065805654842,43.0,24.0,23.0,0.073375,False,False,True
49010.42-20,Cadastrada,80,AMPLIAÇÃO DE UNIDADE BÁSICA DE SAÚDE,SISMOB,Obra,Ampliação,622.0,493_a_934_dias,40.0,298744.0,True,P25_a_P50,05_com_investimento_utilizavel,,,,,,0,False,True,True,True,False,3,3,True,completo,40.0,40.0,40.0,True,True,40.0,True,40.0,True,True,True,True,40.0,26.666666666666664,0.0,13.333333333333332,40.0,calculavel,False,559,1,1,1,0,localizacao_valida,True,0.0,-26.978954600803508,-48.64911854267121,0.0,True,L1832,P_49010.42-20,45.0,40.0,1,True,False,True,rota_automatica_v1,5.157118097459813,59.64621539678587,0.6706209226169186,30.0,44.0,19.0,0.077625,False,False,True
42333.42-65,Em execução,20,CR 799349/2013 - PAVIMENTAÇÃO E URBANIZAÇÃO DA VIA TURÍSTICA DENOMINADA AVENIDA GOVERNADOR CELSO RAMOS - PRAIA DE PEREQUÊ,CIPI,Obra,Construção,61.0,1_a_167_dias,100.0,12933673.47,True,acima_P90,05_com_investimento_utilizavel,0.3100000000000023,True,08_calculavel,99.69,100.0,20,True,True,True,True,True,4,4,True,completo,35.0775,35.08,35.0775,True,True,46.66666666666666,True,20.0,True,True,True,True,46.66666666666666,6.666666666666666,6.666666666666666,33.33333333333333,46.66666666666666,calculavel,True,452,1,1,1,0,localizacao_valida,True,0.0,-27.1493700231334,-48.57758,0.0,True,L1447,P_42333.42-65,45.0,46.66666666666666,1,True,False,True,rota_automatica_v1,15.598191025085137,89.2988625112418,0.5225897100401677,56.0,24.0,29.0,0.088375,False,False,False
26081.42-00,Cadastrada,100,Contratação de execução de reforma elétrica na DPF/IJI/SC,CIPI,Obra,Reforma,941.0,acima_de_934_dias,40.0,389999.0,True,P25_a_P50,05_com_investimento_utilizavel,,,,,,0,False,True,True,True,False,3,3,True,completo,46.66666666666666,46.67,46.66666666666666,True,True,46.66666666666666,True,50.0,True,True,True,True,46.66666666666666,33.33333333333333,0.0,13.333333333333332,46.66666666666666,calculavel,False,302,1,1,1,0,localizacao_valida,True,0.0,-26.8885900226889,-48.69013,0.0,True,L2039,P_26081.42-00,45.0,46.66666666666666,1,True,False,True,rota_automatica_v1,15.68596153636188,89.54813076326774,0.5211350172125438,57.0,24.0,30.0,0.09,False,False,False
47268.42-66,Cadastrada,80,CONSTRUÇÃO DE UNIDADE DE PRONTO ATENDIMENTO - PORTE I,SISMOB,Obra,Construção,629.0,493_a_934_dias,80.0,2200000.0,True,P75_a_P90,05_com_investimento_utilizavel,,,,,,0,False,True,True,True,False,3,3,True,completo,53.333333333333336,53.33,53.333333333333336,True,True,53.333333333333336,True,40.0,True,True,True,True,53.333333333333336,26.666666666666664,0.0,26.666666666666664,53.33333333333333,calculavel,False,191,1,1,1,0,localizacao_valida,True,0.0,-27.1525527,-48.5085336,0.0,True,L1439,P_47268.42-66,45.0,53.333333333333336,1,True,False,True,rota_automatica_v1,19.985346235329082,101.7583833083346,0.5241173414845814,74.0,14.0,28.0,0.09225,False,True,False
6250.42-96,Cadastrada,100,Contratação de projeto elétrico para a DPF/IJI/SC,CIPI,Projeto,Reforma,1460.0,acima_de_934_dias,20.0,32612.3,True,ate_P25,05_com_investimento_utilizavel,,,,,,0,False,True,True,True,False,3,3,True,completo,40.0,40.0,40.0,True,True,40.0,True,50.0,True,True,True,True,40.0,33.33333333333333,0.0,6.666666666666666,39.99999999999999,calculavel,False,500,1,1,1,0,localizacao_valida,True,0.0,-26.9055800227178,-48.65537,0.0,True,L1979,P_6250.42-96,45.0,40.0,1,True,False,True,rota_automatica_v1,13.318997030031262,82.82595156528879,0.4829404219819848,44.0,44.0,33.0,0.100375,False,False,False
136087.42-31,Cadastrada,20,OBRAS DE MELHORAMENTO FLUVIAL NO CANAL RETIFICADO DO RIO ITAJAÍ MIRIM NO MUNICÍPIO DE ITAJAÍ EM SANTA CATARINA.,CIPI,Obra,Construção,66.0,1_a_167_dias,100.0,94000000.0,True,acima_P90,05_com_investimento_utilizavel,,,,,,0,False,True,True,True,False,3,3,True,completo,40.0,40.0,40.0,True,True,40.0,True,10.0,True,True,True,True,40.0,6.666666666666666,0.0,33.33333333333333,39.99999999999999,calculavel,False,665,1,1,1,0,localizacao_valida,True,0.0,-26.9029200227133,-48.68097,0.0,True,L1997,P_136087.42-31,45.0,40.0,1,True,False,True,rota_automatica_v1,13.926328044356108,84.55077164597134,0.47308852682606967,49.0,44.0,34.0,0.105,False,False,False
25377.42-07,Cadastrada,100,Contratação de execução da substituição parcial da cobertura da Delegacia de Polícia Federal em Itajaí/SC (DPF/IJI/SC),CIPI,Obra,Recuperação,975.0,acima_de_934_dias,20.0,65500.0,True,ate_P25,05_com_investimento_utilizavel,,,,,,0,False,True,True,True,False,3,3,True,completo,40.0,40.0,40.0,True,True,40.0,True,50.0,True,True,True,True,40.0,33.33333333333333,0.0,6.666666666666666,39.99999999999999,calculavel,False,474,1,1,1,0,localizacao_valida,True,0.0,-26.9001900227086,-48.67029,0.0,True,L2010,P_25377.42-07,45.0,40.0,1,True,False,True,rota_automatica_v1,14.041017869482527,84.87649074933037,0.47127301855744524,50.0,44.0,35.0,0.106625,False,False,False
91244.43-16,Cadastrada,60,Sedec - Recuperação de Infraestrutura afetada por desastre 59053.000041/2016-07,CIPI,Obra,Recuperação,376.0,203_a_492_dias,60.0,1427793.22,True,P50_a_P75,05_com_investimento_utilizavel,,,,,,0,False,True,True,True,False,3,3,True,completo,40.0,40.0,40.0,True,True,40.0,True,30.0,True,True,True,True,40.0,20.0,0.0,20.0,40.0,calculavel,False,625,1,1,1,0,localizacao_valida,True,0.0,-26.8974400227039,-48.64918,0.0,True,L2016,P_91244.43-16,45.0,40.0,1,True,False,True,rota_automatica_v1,14.218673830300832,85.38103367805437,0.468488120568178,53.0,44.0,36.0,0.10975,False,False,False
33602.42-20,Em execução,0,"CR 909103/2020 - IMPLANTAÇÃO DE SINALIZAÇÃO TURÍSTICA E INTERPRETATIVA, NO MUNICÍPIO DE BALNEÁRIO CAMBORIÚ/ SC.",Transferegov.br,Obra,Construção,0.0,sem_atraso_observavel,80.0,2415437.37,True,P75_a_P90,05_com_investimento_utilizavel,8.230000000000004,True,08_calculavel,91.77,100.0,20,True,True,True,True,True,4,4,True,completo,27.0575,27.06,27.0575,True,True,33.333333333333336,True,10.0,True,True,True,True,33.333333333333336,0.0,6.666666666666666,26.666666666666664,33.33333333333333,calculavel,True,986,6,6,6,0,localizacao_valida,True,1.0,-27.006,-48.62794,20.10885336570632,True,L1775,P_33602.42-20,45.0,33.333333333333336,1,True,False,True,rota_automatica_v1,3.1415395060689764,53.92197219723589,0.6181771915056558,20.0,93.0,20.0,0.113875,False,False,True
101337.42-43,Cadastrada,0,Implantação do Parque Inundável Multiuso de Camboriú - SC,Transferegov.br,Obra,Construção,0.0,sem_atraso_observavel,100.0,88783965.68,True,acima_P90,05_com_investimento_utilizavel,,,,,,0,False,True,True,True,False,3,3,True,completo,33.333333333333336,33.33,33.333333333333336,True,True,33.333333333333336,True,0.0,True,True,True,True,33.333333333333336,0.0,0.0,33.33333333333333,33.33333333333333,calculavel,False,1112,1,1,1,0,localizacao_valida,True,0.0,-27.04149,-48.68331,0.0,True,L1691,P_101337.42-43,45.0,33.333333333333336,1,True,False,True,rota_automatica_v1,3.6631609485881085,55.40337709399023,0.6016480417210723,21.0,93.0,21.0,0.1155,False,False,True
39844.42-23,Em execução,0,Construção de Escola em Tempo Integral Navegantes/SC FNDE  Escola 13 salas,Transferegov.br,Obra,Construção,0.0,sem_atraso_observavel,100.0,12119863.1,True,acima_P90,05_com_investimento_utilizavel,,False,04_inicio_e_fim_ausentes,20.93,,20,True,True,True,True,False,4,3,False,ausente_fisico,,,,False,True,40.0,True,10.0,True,True,True,True,40.0,0.0,6.666666666666666,33.33333333333333,39.99999999999999,calculavel,False,716,1,1,1,0,localizacao_valida,True,0.0,-26.87576,-48.65515,0.0,True,L2075,P_39844.42-23,45.0,40.0,1,True,False,True,rota_automatica_v1,16.63295723389121,92.23759854425103,0.4336626346663826,58.0,44.0,42.0,0.11875,False,False,False
103299.42-41,Cadastrada,0,Macrodrenagem da Praia Central de Balneário Camboriú - Trecho Sul,Transferegov.br,Obra,Construção,0.0,sem_atraso_observavel,100.0,29679584.0,True,acima_P90,05_com_investimento_utilizavel,,,,,,0,False,True,True,True,False,3,3,True,completo,33.333333333333336,33.33,33.333333333333336,True,True,33.333333333333336,True,0.0,True,True,True,True,33.333333333333336,0.0,0.0,33.33333333333333,33.33333333333333,calculavel,False,1116,1,1,1,0,localizacao_valida,True,0.0,-26.99089,-48.62905,0.0,True,L1814,P_103299.42-41,45.0,33.333333333333336,1,True,False,True,rota_automatica_v1,4.4058868028195945,57.512718520007645,0.5795819462392003,25.0,93.0,22.0,0.11937500000000001,False,False,True
17855.42-09,Cadastrada,100,Qualificação viária - adequação de obra de arte e adequação de vias - no município de Balneário Piçarras,Transferegov.br,Obra,Construção,975.0,acima_de_934_dias,100.0,7582774.0,True,acima_P90,05_com_investimento_utilizavel,,,,,,0,False,True,True,True,False,3,3,True,completo,66.66666666666667,66.67,66.66666666666667,True,True,66.66666666666667,True,50.0,True,True,True,True,66.66666666666667,33.33333333333333,0.0,33.33333333333333,66.66666666666666,calculavel,False,21,6,6,6,0,localizacao_valida,True,3.0,-26.78037,-48.68259,1.986492795943016,True,L2245,P_17855.42-09,45.0,66.66666666666667,1,True,False,True,rota_automatica_v1,27.413432924837533,122.85414950653859,0.5426488802734214,129.0,3.0,26.0,0.12212500000000001,False,True,False
15027.42-76,Inacabada,60,Campo de Futebol Municipal Quinca Ludo,Transferegov.br,Obra,Construção,487.0,203_a_492_dias,60.0,607298.78,True,P50_a_P75,05_com_investimento_utilizavel,,False,04_inicio_e_fim_ausentes,83.84,,80,True,True,True,True,False,4,3,False,ausente_fisico,,,,False,True,66.66666666666667,True,70.0,True,True,True,True,66.66666666666667,20.0,26.666666666666664,20.0,66.66666666666666,calculavel,False,48,1,1,1,0,localizacao_valida,True,0.0,-26.77818,-48.68263,0.0,True,L2250,P_15027.42-76,45.0,66.66666666666667,1,True,False,True,rota_automatica_v1,27.655830666108997,123.54255909174955,0.5396251069816055,133.0,3.0,27.0,0.126,False,True,False
1535.42-53,Em execução,20,16 01093/2013,CIPI,Obra,Construção,61.0,1_a_167_dias,100.0,414507774.8,True,acima_P90,05_com_investimento_utilizavel,45.36653560506771,True,08_calculavel,54.0,99.36653560506772,20,True,True,True,True,True,4,4,True,completo,46.34163390126693,46.34,46.34163390126693,True,True,46.66666666666666,True,20.0,True,True,True,True,46.66666666666666,6.666666666666666,6.666666666666666,33.33333333333333,46.66666666666666,calculavel,True,449,1,1,1,0,localizacao_valida,True,0.0,-26.83351337,-48.73664451,0.0,True,L2167,P_1535.42-53,45.0,46.66666666666666,1,True,False,True,rota_automatica_v1,22.950133082115812,110.17837795320891,0.4235555789946852,93.0,24.0,46.0,0.131,False,False,False
111257.42-78,Cadastrada,60,Sedec - Recuperação de Infraestrutura afetada por desastre SEI  59502.000083/2016-02,CIPI,Obra,Recuperação,205.0,203_a_492_dias,60.0,952537.45,True,P50_a_P75,05_com_investimento_utilizavel,,,,,,0,False,True,True,True,False,3,3,True,completo,40.0,40.0,40.0,True,True,40.0,True,30.0,True,True,True,True,40.0,20.0,0.0,20.0,40.0,calculavel,False,592,1,1,1,0,localizacao_valida,True,0.0,-27.1349300231088,-48.51741,0.0,True,L1480,P_111257.42-78,45.0,40.0,1,True,False,True,rota_automatica_v1,17.99428783735922,96.10377745810018,0.41621673005974613,68.0,44.0,48.0,0.1315,False,False,False
53517.42-71,Cadastrada,80,CENTRO DE INOVAÇÃO DO MUNICÍPIO DE BRUSQUE,CIPI,Obra,Construção,495.0,493_a_934_dias,100.0,6908014.17,True,acima_P90,05_com_investimento_utilizavel,,,,,,0,False,True,True,True,False,3,3,True,completo,60.0,60.0,60.0,True,True,60.0,True,40.0,True,True,True,True,60.0,26.666666666666664,0.0,33.33333333333333,59.99999999999999,calculavel,False,83,1,1,1,0,localizacao_valida,True,0.0,-27.1029709830002,-48.9155537629531,0.0,True,L1540,P_53517.42-71,45.0,60.0,1,True,False,True,rota_automatica_v1,27.573436514608836,123.30855970148909,0.4865842253388629,131.0,8.0,32.0,0.13325,False,True,False
108792.42-00,Em execução,60,Ampliação de Sistema de abastecimento de Agua do município de Ilhota - SC,CIPI,Obra,Construção,230.0,203_a_492_dias,60.0,1600000.0,True,P50_a_P75,05_com_investimento_utilizavel,100.0,True,08_calculavel,0.0,100.0,20,True,True,True,True,True,4,4,True,completo,60.0,60.0,60.0,True,True,46.66666666666666,True,40.0,True,True,True,True,46.66666666666666,20.0,6.666666666666666,20.0,46.66666666666666,calculavel,True,408,1,1,1,0,localizacao_valida,True,0.0,-26.890234,-48.830703,0.0,True,L2036,P_108792.42-00,45.0,46.66666666666666,1,True,False,True,rota_automatica_v1,23.29020910141096,111.14419384800712,0.4198749844772338,99.0,24.0,47.0,0.136375,False,False,False
96874.42-18,Cadastrada,0,EXECUÇÃO DE OBRAS E ENGENHARIA DE PAVIMENTAÇÃO ASFALTÁTICA E INFRAESTRUTURA VIÁRIA,Transferegov.br,Obra,Reforma,0.0,sem_atraso_observavel,100.0,6598362.03,True,acima_P90,05_com_investimento_utilizavel,,,,,,0,False,True,True,True,False,3,3,True,completo,33.333333333333336,33.33,33.333333333333336,True,True,33.333333333333336,True,0.0,True,True,True,True,33.333333333333336,0.0,0.0,33.33333333333333,33.33333333333333,calculavel,False,1217,1,1,1,0,localizacao_valida,True,0.0,-27.07167,-48.71139,0.0,True,L1624,P_96874.42-18,45.0,33.333333333333336,1,True,False,True,rota_automatica_v1,7.888892656957833,67.40445514576024,0.4945271534537434,39.0,93.0,31.0,0.13775,False,False,False
123623.42-01,Cadastrada,40,Sedec - Recuperação de Infraestrutura afetada por desastre 59050.000181/2009-78,CIPI,Obra,Recuperação,170.0,168_a_202_dias,60.0,569862.67,True,P50_a_P75,05_com_investimento_utilizavel,,,,,,0,False,True,True,True,False,3,3,True,completo,33.333333333333336,33.33,33.333333333333336,True,True,33.333333333333336,True,20.0,True,True,True,True,33.333333333333336,13.333333333333332,0.0,20.0,33.33333333333333,calculavel,False,924,1,1,1,0,localizacao_valida,True,0.0,-27.1072200230616,-48.70062,0.0,True,L1533,P_123623.42-01,45.0,33.333333333333336,1,True,False,True,rota_automatica_v1,10.344968408246327,74.37971027941957,0.4481508896459963,40.0,93.0,38.0,0.144625,False,False,False
44465.43-30,Cadastrada,80,Sedec - Recuperação de Infraestrutura afetada por desastre 59053.004794/2021-41,CIPI,Obra,Recuperação,668.0,493_a_934_dias,40.0,258542.14,True,P25_a_P50,05_com_investimento_utilizavel,,,,,,0,False,True,True,True,False,3,3,True,completo,40.0,40.0,40.0,True,True,40.0,True,40.0,True,True,True,True,40.0,26.666666666666664,0.0,13.333333333333332,40.0,calculavel,False,549,1,1,1,0,localizacao_valida,True,0.0,-27.1472200231298,-48.49527,0.0,True,L1452,P_44465.43-30,45.0,40.0,1,True,False,True,rota_automatica_v1,20.537389256668266,103.32618548893788,0.38712355257015085,78.0,44.0,55.0,0.145125,False,False,False
29757.42-91,Cadastrada,0,"Requalificação viária das ruas 406 C, 420 e 422 no Município de Itapema/SC",Transferegov.br,Obra,Construção,0.0,sem_atraso_observavel,100.0,5829773.0,True,acima_P90,05_com_investimento_utilizavel,,,,,,0,False,True,True,True,False,3,3,True,completo,33.333333333333336,33.33,33.333333333333336,True,True,33.333333333333336,True,0.0,True,True,True,True,33.333333333333336,0.0,0.0,33.33333333333333,33.33333333333333,calculavel,False,1139,3,3,3,0,localizacao_valida,True,1.0,-27.12372,-48.61665,0.8934252575231458,True,L1503,P_29757.42-91,45.0,33.333333333333336,1,True,False,True,rota_automatica_v1,11.46304249090775,77.555040674178,0.42980228033626305,42.0,93.0,43.0,0.1505,False,False,False
38944.42-12,Em execução,0,"Escola em Tempo Integral, Bairro Areias, Tijucas/SC - FNDE - Escola 13 Salas",Transferegov.br,Obra,Construção,0.0,sem_atraso_observavel,100.0,12120740.71,True,acima_P90,05_com_investimento_utilizavel,,False,04_inicio_e_fim_ausentes,24.67,,20,True,True,True,True,False,4,3,False,ausente_fisico,,,,False,True,40.0,True,10.0,True,True,True,True,40.0,0.0,6.666666666666666,33.33333333333333,39.99999999999999,calculavel,False,712,1,1,1,0,localizacao_valida,True,0.0,-27.21981,-48.658,0.0,True,L1283,P_38944.42-12,45.0,40.0,1,True,False,True,rota_automatica_v1,21.639332493501037,106.45570428154295,0.37574313438584905,83.0,44.0,57.0,0.15062499999999998,False,False,False
118956.42-80,Em execução,40,"DRENAGEM, PAVIMENTAÇÃO E URBANIZAÇÃO DE VIAS NO MUNICÍPIO DE BOMBINHAS/SC",CIPI,Obra,Construção,175.0,168_a_202_dias,60.0,499455.38,True,P50_a_P75,05_com_investimento_utilizavel,100.0,True,08_calculavel,0.0,100.0,20,True,True,True,True,True,4,4,True,completo,55.0,55.0,55.0,True,True,40.0,True,30.0,True,True,True,True,40.0,13.333333333333332,6.666666666666666,20.0,40.0,calculavel,True,644,1,1,1,0,localizacao_valida,True,0.0,-27.1833968,-48.5117295,0.0,True,L1378,P_118956.42-80,45.0,40.0,1,True,False,True,rota_automatica_v1,22.3462277671087,108.4632868585887,0.36878838138245656,89.0,44.0,63.0,0.160375,False,False,False
42372.42-68,Cadastrada,0,CONSTRUÇÃO DE UNIDADE DE ATENÇÃO ESPECIALIZADA EM SAÚDE MATERNIDADE PORTE I,Transferegov.br,Obra,Construção,0.0,sem_atraso_observavel,100.0,50001270.0,True,acima_P90,05_com_investimento_utilizavel,,,,,,0,False,True,True,True,False,3,3,True,completo,33.333333333333336,33.33,33.333333333333336,True,True,33.333333333333336,True,0.0,True,True,True,True,33.333333333333336,0.0,0.0,33.33333333333333,33.33333333333333,calculavel,False,1162,1,1,1,0,localizacao_valida,True,0.0,-26.9117,-48.69642,0.0,True,L1963,P_42372.42-68,45.0,33.333333333333336,1,True,False,True,rota_automatica_v1,13.406479688522289,83.07440231540329,0.4012467427304357,46.0,93.0,51.0,0.1605,False,False,False
124708.42-61,Em execução,40,OBRA PARA CONTROLE DE CHEIAS E EROSÃO MARINHA - Implantação de molhe no rio Gravatá - Etapa 01.,CIPI,Obra,Construção,169.0,168_a_202_dias,60.0,506000.0,True,P50_a_P75,05_com_investimento_utilizavel,100.0,True,08_calculavel,0.0,100.0,20,True,True,True,True,True,4,4,True,completo,55.0,55.0,55.0,True,True,40.0,True,30.0,True,True,True,True,40.0,13.333333333333332,6.666666666666666,20.0,40.0,calculavel,True,649,1,1,1,0,localizacao_valida,True,0.0,-26.8234309,-48.627049,0.0,True,L2183,P_124708.42-61,45.0,40.0,1,True,False,True,rota_automatica_v1,22.573142884658246,109.10772579242942,0.36661015257615653,90.0,44.0,64.0,0.162,False,False,False
29698.42-29,Cadastrada,80,Conservação Casarão Malburg,CIPI,Projeto,Reforma,668.0,493_a_934_dias,20.0,158693.52,True,ate_P25,05_com_investimento_utilizavel,,,,,,0,False,True,True,True,False,3,3,True,completo,33.333333333333336,33.33,33.333333333333336,True,True,33.333333333333336,True,40.0,True,True,True,True,33.333333333333336,26.666666666666664,0.0,6.666666666666666,33.33333333333333,calculavel,False,761,1,1,1,0,localizacao_valida,True,0.0,-26.9043870566494,-48.6561197414349,0.0,True,L1988,P_29698.42-29,45.0,33.333333333333336,1,True,False,True,rota_automatica_v1,13.4541253249575,83.2097159228793,0.40059424507863295,47.0,93.0,52.0,0.16212500000000002,False,False,False
38071.42-91,Em execução,0,"Construção de Creche em Tempo Integral - Educação Infantil - FNDE - Creche Tipo 1, no Município de Ilhota/SC.",Transferegov.br,Obra,Construção,0.0,sem_atraso_observavel,100.0,6210513.05,True,acima_P90,05_com_investimento_utilizavel,,False,04_inicio_e_fim_ausentes,17.78,,20,True,True,True,True,False,4,3,False,ausente_fisico,,,,False,True,40.0,True,10.0,True,True,True,True,40.0,0.0,6.666666666666666,33.33333333333333,39.99999999999999,calculavel,False,706,1,1,1,0,localizacao_valida,True,0.0,-26.91304,-48.84333,0.0,True,L1959,P_38071.42-91,45.0,40.0,1,True,False,True,rota_automatica_v1,22.77588539537663,109.68351452286963,0.36468561546375117,91.0,44.0,65.0,0.16362500000000002,False,False,False
16870.42-72,Cadastrada,80,Pavimentação de Vias Urbanas no Municipio de Canelinha,Transferegov.br,Obra,Construção,609.0,493_a_934_dias,80.0,1920000.0,True,P75_a_P90,05_com_investimento_utilizavel,,,,,,0,False,True,True,True,False,3,3,True,completo,53.333333333333336,53.33,53.333333333333336,True,True,53.333333333333336,True,40.0,True,True,True,True,53.333333333333336,26.666666666666664,0.0,26.666666666666664,53.33333333333333,calculavel,False,169,1,1,1,0,localizacao_valida,True,0.0,-27.26884,-48.76408,0.0,True,L1199,P_16870.42-72,45.0,53.333333333333336,1,True,False,True,rota_automatica_v1,29.29706014718839,128.20365081801503,0.4160047938809477,146.0,14.0,49.0,0.164625,False,True,False
136003.42-19,Cadastrada,20,"Construção de galeria de concreto armado e canalização com gabiões no Bairro São Domingos, no município de Navegantes/SC",CIPI,Obra,Construção,67.0,1_a_167_dias,80.0,2200857.85,True,P75_a_P90,05_com_investimento_utilizavel,,,,,,0,False,True,True,True,False,3,3,True,completo,33.333333333333336,33.33,33.333333333333336,True,True,33.333333333333336,True,10.0,True,True,True,True,33.333333333333336,6.666666666666666,0.0,26.666666666666664,33.33333333333333,calculavel,False,949,1,1,1,0,localizacao_valida,True,0.0,-26.8988900227064,-48.65389,0.0,True,L2012,P_136003.42-19,45.0,33.333333333333336,1,True,False,True,rota_automatica_v1,14.058887102300012,84.92723937053204,0.39249283952233704,51.0,93.0,53.0,0.166,False,False,False
97587.42-09,Cadastrada,0,EXECUÇÃO DE OBRAS E ENGENHARIA DE PAVIMENTAÇÃO ASFALTÁTICA E INFRAESTRUTURA VIÁRIA,Transferegov.br,Obra,Recuperação,0.0,sem_atraso_observavel,100.0,19219830.77,True,acima_P90,05_com_investimento_utilizavel,,,,,,0,False,True,True,True,False,3,3,True,completo,33.333333333333336,33.33,33.333333333333336,True,True,33.333333333333336,True,0.0,True,True,True,True,33.333333333333336,0.0,0.0,33.33333333333333,33.33333333333333,calculavel,False,1218,1,1,1,0,localizacao_valida,True,0.0,-27.12583,-48.73722,0.0,True,L1499,P_97587.42-09,45.0,33.333333333333336,1,True,False,True,rota_automatica_v1,14.059202816818923,84.92813599976574,0.3924886957771601,52.0,93.0,54.0,0.16762500000000002,False,False,False
42623.42-12,Em execução,0,Contrução de Escola em Tempo Integral bairro Pocinho Ilhota/SC - Escola 13 Salas,Transferegov.br,Obra,Construção,0.0,sem_atraso_observavel,100.0,12119864.57,True,acima_P90,05_com_investimento_utilizavel,,False,04_inicio_e_fim_ausentes,9.09,,20,True,True,True,True,False,4,3,False,ausente_fisico,,,,False,True,40.0,True,10.0,True,True,True,True,40.0,0.0,6.666666666666666,33.33333333333333,39.99999999999999,calculavel,False,727,1,1,1,0,localizacao_valida,True,0.0,-26.89538,-48.83252,0.0,True,L2024,P_42623.42-12,45.0,40.0,1,True,False,True,rota_automatica_v1,23.065184510363203,110.5051240094315,0.361974165076599,97.0,44.0,67.0,0.169875,False,False,False
26009.42-23,Em execução,0,"EXECUÇÃO DE OBRAS E SERVIÇOS DE ENGENHARIA PARA PAVIMENTAÇÃO ASFÁLTICA E IMPLANTAÇÃO DE INFRAESTRUTURA VIÁRIA NA RUA DAMASCO, LOCALIZADA NO MUNICÍPIO DE CAMBORIÚ/SC.",Transferegov.br,Obra,Recuperação,0.0,sem_atraso_observavel,60.0,583841.41,True,P50_a_P75,05_com_investimento_utilizavel,,False,04_inicio_e_fim_ausentes,0.0,,20,True,True,True,True,False,4,3,False,ausente_fisico,,,,False,True,26.666666666666668,True,10.0,True,True,True,True,26.666666666666668,0.0,6.666666666666666,20.0,26.666666666666664,calculavel,False,1575,1,1,1,0,localizacao_valida,True,0.0,-27.0237,-48.66061,0.0,True,L1722,P_26009.42-23,45.0,26.666666666666668,1,True,False,True,rota_automatica_v1,0.9586565805642132,47.722584688802364,0.5587850457086357,2.0,170.0,24.0,0.17124999999999999,True,False,True
47820.42-05,Cadastrada,80,REFORMA DE UNIDADE BÁSICA DE SAÚDE,SISMOB,Obra,Reforma,627.0,493_a_934_dias,40.0,399310.0,True,P25_a_P50,05_com_investimento_utilizavel,,,,,,0,False,True,True,True,False,3,3,True,completo,40.0,40.0,40.0,True,True,40.0,True,40.0,True,True,True,True,40.0,26.666666666666664,0.0,13.333333333333332,40.0,calculavel,False,558,1,1,1,0,localizacao_valida,True,0.0,-27.23658,-48.62179,0.0,True,L1253,P_47820.42-05,45.0,40.0,1,True,False,True,rota_automatica_v1,23.671669858459477,112.22754239802491,0.3564187466400758,100.0,44.0,69.0,0.17387499999999997,False,False,False
93049.42-75,Em execução,0,Reforma e Ampliação do Setor de Bovinocultura de Leite do Instituto Federal Catarinense Campus Camboriú,CIPI,Obra,Ampliação,0.0,sem_atraso_observavel,60.0,519210.37,True,P50_a_P75,05_com_investimento_utilizavel,0.0,True,08_calculavel,95.86,92.5311203319502,20,True,True,True,True,True,4,4,True,completo,20.0,20.0,20.0,True,True,26.666666666666668,True,10.0,True,True,True,True,26.666666666666668,0.0,6.666666666666666,20.0,26.666666666666664,calculavel,True,1647,1,1,1,0,localizacao_valida,True,0.0,-27.014991206304103,-48.65481254246876,0.0,True,L1747,P_93049.42-75,45.0,26.666666666666668,1,True,False,True,rota_automatica_v1,1.2038350643380156,48.418891582719965,0.5507492178152966,7.0,170.0,25.0,0.175875,True,False,True
17824.42-50,Cadastrada,100,Qualificação viária no município de Balneário Piçarras - Bairro Itacolomi,Transferegov.br,Obra,Construção,975.0,acima_de_934_dias,80.0,2080000.0,True,P75_a_P90,05_com_investimento_utilizavel,,,,,,0,False,True,True,True,False,3,3,True,completo,60.0,60.0,60.0,True,True,60.0,True,50.0,True,True,True,True,60.0,33.33333333333333,0.0,26.666666666666664,59.99999999999999,calculavel,False,53,2,2,2,0,localizacao_valida,True,0.0,-26.73785,-48.69377,0.1197966646739136,True,L2300,P_17824.42-50,45.0,60.0,1,True,False,True,rota_automatica_v1,32.24197182642215,136.56719998703892,0.4393441470989694,183.0,8.0,41.0,0.180125,False,True,False
46608.42-96,Cadastrada,60,Sedec - Recuperação de Infraestrutura afetada por desastre 59053.009472/2023-50,CIPI,Obra,Recuperação,403.0,203_a_492_dias,40.0,201820.15,True,P25_a_P50,05_com_investimento_utilizavel,,,,,,0,False,True,True,True,False,3,3,True,completo,33.333333333333336,33.33,33.333333333333336,True,True,33.333333333333336,True,30.0,True,True,True,True,33.333333333333336,20.0,0.0,13.333333333333332,33.33333333333333,calculavel,False,833,1,1,1,0,localizacao_valida,True,0.0,-27.1586100231492,-48.56055,0.0,True,L1420,P_46608.42-96,45.0,33.333333333333336,1,True,False,True,rota_automatica_v1,17.3229887746821,94.19728812009716,0.3538672290738868,61.0,93.0,72.0,0.190125,False,False,False
27252.42-90,Cadastrada,80,Reforma da base Gise,CIPI,Obra,Reforma,934.0,493_a_934_dias,20.0,149400.0,True,ate_P25,05_com_investimento_utilizavel,,,,,,0,False,True,True,True,False,3,3,True,completo,33.333333333333336,33.33,33.333333333333336,True,True,33.333333333333336,True,40.0,True,True,True,True,33.333333333333336,26.666666666666664,0.0,6.666666666666666,33.33333333333333,calculavel,False,756,1,1,1,0,localizacao_valida,True,0.0,-27.1608700231531,-48.56339,0.0,True,L1416,P_27252.42-90,45.0,33.333333333333336,1,True,False,True,rota_automatica_v1,17.396452882018203,94.4059261849317,0.35308517886935076,62.0,93.0,73.0,0.19175000000000003,False,False,False
24552.42-68,Cadastrada,80,Recuperação e pavimentação de estradas vicinais,Transferegov.br,Obra,Construção,517.0,493_a_934_dias,60.0,1001000.0,True,P50_a_P75,05_com_investimento_utilizavel,,,,,,0,False,True,True,True,False,3,3,True,completo,46.66666666666666,46.67,46.66666666666666,True,True,46.66666666666666,True,40.0,True,True,True,True,46.66666666666666,26.666666666666664,0.0,20.0,46.66666666666666,calculavel,False,360,1,1,1,0,localizacao_valida,True,0.0,-27.28249,-48.72808,0.0,True,L1171,P_24552.42-68,45.0,46.66666666666666,1,True,False,True,rota_automatica_v1,29.595093210190285,129.05006471694043,0.361616762990594,154.0,24.0,68.0,0.19599999999999998,False,False,False
29218.42-28,Cadastrada,60,PAVIMENTAÇÃO DE ESTRADA,Transferegov.br,Obra,Construção,304.0,203_a_492_dias,40.0,386000.0,True,P25_a_P50,05_com_investimento_utilizavel,,,,,,0,False,True,True,True,False,3,3,True,completo,33.333333333333336,33.33,33.333333333333336,True,True,33.333333333333336,True,30.0,True,True,True,True,33.333333333333336,20.0,0.0,13.333333333333332,33.33333333333333,calculavel,False,822,1,1,1,0,localizacao_valida,True,0.0,-27.1734,-48.72348,0.0,True,L1391,P_29218.42-28,45.0,33.333333333333336,1,True,False,True,rota_automatica_v1,17.959070258821313,96.00375953505252,0.34720862489934884,66.0,93.0,77.0,0.19825,False,False,False
42792.42-85,Cadastrada,60,"Reforma e construção de infraestrutura com aquisição de equipamento no Centro de Eventos Maria Celina Vidotto Imhof, no município de Brusque/SC.",Transferegov.br,Obra,Reforma,242.0,203_a_492_dias,60.0,970000.0,True,P50_a_P75,05_com_investimento_utilizavel,,,,,,0,False,True,True,True,False,3,3,True,completo,40.0,40.0,40.0,True,True,40.0,True,30.0,True,True,True,True,40.0,20.0,0.0,20.0,40.0,calculavel,False,607,1,1,1,0,localizacao_valida,True,0.0,-27.0969,-48.906,0.0,True,L1560,P_42792.42-85,45.0,40.0,1,True,False,True,rota_automatica_v1,26.46648923101399,120.16482941607973,0.33287610188749156,116.0,44.0,84.0,0.199,False,False,False
2301.42-01,Cadastrada,100,00 01055/2013 - BR-470/SC - Gestão Ambiental,CIPI,Outros,Construção,1757.0,acima_de_934_dias,100.0,25286140.14,True,acima_P90,05_com_investimento_utilizavel,,,,,,0,False,True,True,True,False,3,3,True,completo,66.66666666666667,66.67,66.66666666666667,True,True,66.66666666666667,True,50.0,True,True,True,True,66.66666666666667,33.33333333333333,0.0,33.33333333333333,66.66666666666666,calculavel,False,24,1,1,1,0,localizacao_valida,True,0.0,-26.8914945924456,-48.988771892851,0.0,True,L2034,P_2301.42-01,45.0,66.66666666666667,1,True,False,True,rota_automatica_v1,36.62560253797823,149.01671120785818,0.44737711714544337,218.0,3.0,39.0,0.20024999999999998,False,True,False
127973.42-68,Cadastrada,20,Sedec - Recuperação de Infraestrutura afetada por desastre 59050.001342/2011-65,CIPI,Obra,Recuperação,165.0,1_a_167_dias,60.0,566650.88,True,P50_a_P75,05_com_investimento_utilizavel,,,,,,0,False,True,True,True,False,3,3,True,completo,26.666666666666668,26.67,26.666666666666668,True,True,26.666666666666668,True,10.0,True,True,True,True,26.666666666666668,6.666666666666666,0.0,20.0,26.666666666666664,calculavel,False,1522,1,1,1,0,localizacao_valida,True,0.0,-27.0561100229744,-48.68351,0.0,True,L1657,P_127973.42-68,45.0,26.666666666666668,1,True,False,True,rota_automatica_v1,4.69470406454037,58.33295954329465,0.4571457864549921,28.0,170.0,37.0,0.202125,False,False,False
111277.42-80,Cadastrada,60,Sedec - Recuperação de Infraestrutura afetada por desastre SEI  59502.000083/2016-02,CIPI,Obra,Recuperação,205.0,203_a_492_dias,40.0,175078.94,True,P25_a_P50,05_com_investimento_utilizavel,,,,,,0,False,True,True,True,False,3,3,True,completo,33.333333333333336,33.33,33.333333333333336,True,True,33.333333333333336,True,30.0,True,True,True,True,33.333333333333336,20.0,0.0,13.333333333333332,33.33333333333333,calculavel,False,811,1,1,1,0,localizacao_valida,True,0.0,-27.1366700231118,-48.51361,0.0,True,L1477,P_111277.42-80,45.0,33.333333333333336,1,True,False,True,rota_automatica_v1,18.402360135238784,97.26270278407814,0.34271444633132264,70.0,93.0,79.0,0.20299999999999999,False,False,False
45662.42-62,Em execução,0,CONSTRUÇÃO DE UNIDADE DE ATENÇÃO ESPECIALIZADA EM SAÚDE,SISMOB,Obra,Construção,0.0,sem_atraso_observavel,100.0,5286000.0,True,acima_P90,05_com_investimento_utilizavel,31.41797197032152,True,08_calculavel,30.0,61.41797197032152,20,True,True,True,True,True,4,4,True,completo,37.85449299258038,37.85,37.85449299258038,True,True,40.0,True,10.0,True,True,True,True,40.0,0.0,6.666666666666666,33.33333333333333,39.99999999999999,calculavel,True,731,1,1,1,0,localizacao_valida,True,0.0,-26.78313,-48.64168,0.0,True,L2239,P_45662.42-62,45.0,40.0,1,True,False,True,rota_automatica_v1,26.944308492606222,121.52183611900166,0.32915895017278657,122.0,44.0,85.0,0.204375,False,False,False
1314.42-81,Em execução,20,16 00355/2014,CIPI,Obra,Construção,73.0,1_a_167_dias,100.0,528670647.76,True,acima_P90,05_com_investimento_utilizavel,31.62036623492631,True,08_calculavel,68.0,99.62036623492632,20,True,True,True,True,True,4,4,True,completo,42.90509155873158,42.91,42.90509155873158,True,True,46.66666666666666,True,20.0,True,True,True,True,46.66666666666666,6.666666666666666,6.666666666666666,33.33333333333333,46.66666666666666,calculavel,True,447,1,1,1,0,localizacao_valida,True,0.0,-26.8964721,-48.92166243,0.0,True,L2019,P_1314.42-81,45.0,46.66666666666666,1,True,False,True,rota_automatica_v1,30.401863597422253,131.3412926166792,0.3553084162409134,163.0,24.0,70.0,0.2045,False,False,False
14791.42-17,Cadastrada,100,GAS - Reforma da Quadra Poliesportiva Coberta no IFSC Câmpus Gaspar,CIPI,Obra,Reforma,1187.0,acima_de_934_dias,60.0,606032.05,True,P50_a_P75,05_com_investimento_utilizavel,,,,,,0,False,True,True,True,False,3,3,True,completo,53.333333333333336,53.33,53.333333333333336,True,True,53.333333333333336,True,50.0,True,True,True,True,53.333333333333336,33.33333333333333,0.0,20.0,53.33333333333333,calculavel,False,119,1,1,1,0,localizacao_valida,True,0.0,-26.9015003516453,-49.0041616113658,0.0,True,L2000,P_14791.42-17,45.0,53.333333333333336,1,True,False,True,rota_automatica_v1,37.6015845401805,151.7885000941126,0.35136610020037984,225.0,14.0,74.0,0.24575,False,True,False
21223.42-60,Cadastrada,80,[GAS] Recuperação Estrutural do Bloco II . IFSC Campus Gaspar,CIPI,Obra,Recuperação,785.0,493_a_934_dias,80.0,2000000.0,True,P75_a_P90,05_com_investimento_utilizavel,,,,,,0,False,True,True,True,False,3,3,True,completo,53.333333333333336,53.33,53.333333333333336,True,True,53.333333333333336,True,40.0,True,True,True,True,53.333333333333336,26.666666666666664,0.0,26.666666666666664,53.33333333333333,calculavel,False,174,1,1,1,0,localizacao_valida,True,0.0,-26.9012062488568,-49.0042256880071,0.0,True,L2002,P_21223.42-60,45.0,53.333333333333336,1,True,False,True,rota_automatica_v1,37.6195195682726,151.83943557389418,0.35124823226426005,227.0,14.0,75.0,0.24812499999999998,False,True,False
28891.42-01,Cadastrada,80,[GAS] OBRA DE RECUPERAÇÃO E REFORÇO ESTRUTURAL DO BLOCO 2,CIPI,Obra,Recuperação,790.0,493_a_934_dias,80.0,2151209.99,True,P75_a_P90,05_com_investimento_utilizavel,,,,,,0,False,True,True,True,False,3,3,True,completo,53.333333333333336,53.33,53.333333333333336,True,True,53.333333333333336,True,40.0,True,True,True,True,53.333333333333336,26.666666666666664,0.0,26.666666666666664,53.33333333333333,calculavel,False,187,1,1,1,0,localizacao_valida,True,0.0,-26.9014173690317,-49.0045085643298,0.0,True,L2001,P_28891.42-01,45.0,53.333333333333336,1,True,False,True,rota_automatica_v1,37.63697332826545,151.88900425227388,0.3511336030931607,229.0,14.0,76.0,0.2505,False,True,False
94459.42-04,Cadastrada,0,"EXECUÇÃO DE OBRAS E ENGENHARIA DE PAVIMENTAÇÃO ASFALTÁTICA E INFRAESTRUTURA VIÁRIA DO TRECHO 2 DA RUA OSVALDO MINELLA, TRECHO DA ROTATÓRIA, ATÉ A RUA DANIEL SILVÉRIO, BAIRRO CEDRO, EM CAMBORIÚ/SC.",Transferegov.br,Obra,Construção,0.0,sem_atraso_observavel,60.0,679243.0,True,P50_a_P75,05_com_investimento_utilizavel,,,,,,0,False,True,True,True,False,3,3,True,completo,20.0,20.0,20.0,True,True,20.0,True,0.0,True,True,True,True,20.0,0.0,0.0,20.0,20.0,calculavel,False,2494,1,1,1,0,localizacao_valida,True,0.0,-27.0392,-48.64813,0.0,True,L1695,P_94459.42-04,45.0,20.0,1,True,False,True,rota_automatica_v1,1.5733566688597258,49.46833293956162,0.4042990497463333,12.0,239.0,50.0,0.261875,True,False,False
6323.42-42,Cadastrada,100,Obra de Requalificação da Fortaleza de São José da Ponta Grossa,CIPI,Obra,Recuperação,1466.0,acima_de_934_dias,100.0,6260539.06,True,acima_P90,05_com_investimento_utilizavel,,,,,,0,False,True,True,True,False,3,3,True,completo,66.66666666666667,66.67,66.66666666666667,True,True,66.66666666666667,True,50.0,True,True,True,True,66.66666666666667,33.33333333333333,0.0,33.33333333333333,66.66666666666666,calculavel,False,33,1,1,1,0,localizacao_valida,True,0.0,-27.4309500236137,-48.5178,0.0,True,L0950,P_6323.42-42,45.0,66.66666666666667,1,True,False,True,rota_automatica_v1,46.9923913516749,178.4583914387567,0.37356980598777456,346.0,3.0,59.0,0.31375,False,True,False
21910.42-41,Cadastrada,80,Construção de ponte,Transferegov.br,Obra,Construção,607.0,493_a_934_dias,100.0,5264853.33,True,acima_P90,05_com_investimento_utilizavel,,,,,,0,False,True,True,True,False,3,3,True,completo,60.0,60.0,60.0,True,True,60.0,True,40.0,True,True,True,True,60.0,26.666666666666664,0.0,33.33333333333333,59.99999999999999,calculavel,False,68,1,1,1,0,localizacao_valida,True,0.0,-27.19577,-49.07633,0.0,True,L1334,P_21910.42-41,45.0,60.0,1,True,False,True,rota_automatica_v1,46.1599142015572,176.09415633242244,0.3407268091664255,337.0,8.0,80.0,0.32975,False,True,False
21802.42-19,Cadastrada,80,REVITALIZAÇÃO DA RUA PRESIDENTE KENNEDY E HUMBERTO MAZZOLLI,Transferegov.br,Obra,Construção,607.0,493_a_934_dias,100.0,4938663.55,True,acima_P90,05_com_investimento_utilizavel,,,,,,0,False,True,True,True,False,3,3,True,completo,60.0,60.0,60.0,True,True,60.0,True,40.0,True,True,True,True,60.0,26.666666666666664,0.0,33.33333333333333,59.99999999999999,calculavel,False,67,1,1,1,0,localizacao_valida,True,0.0,-27.1998,-49.07503,0.0,True,L1323,P_21802.42-19,45.0,60.0,1,True,False,True,rota_automatica_v1,46.228226097657036,176.28816211734596,0.34035183803244307,339.0,8.0,81.0,0.332125,False,True,False
23382.42-24,Cadastrada,80,Complexo Esportivo de Canasvieiras,Transferegov.br,Obra,Construção,628.0,493_a_934_dias,100.0,5000000.0,True,acima_P90,05_com_investimento_utilizavel,,,,,,0,False,True,True,True,False,3,3,True,completo,60.0,60.0,60.0,True,True,60.0,True,40.0,True,True,True,True,60.0,26.666666666666664,0.0,33.33333333333333,59.99999999999999,calculavel,False,78,1,1,1,0,localizacao_valida,True,0.0,-27.43351,-48.45772,0.0,True,L0946,P_23382.42-24,45.0,60.0,1,True,False,True,rota_automatica_v1,49.25351648121131,184.8799868066401,0.3245348565648267,370.0,8.0,90.0,0.36325,False,True,False
3902.42-53,Cadastrada,100,Instalação de toldos no Campus Blumenau.,CIPI,Obra,Construção,1715.0,acima_de_934_dias,60.0,584000.0,True,P50_a_P75,05_com_investimento_utilizavel,,,,,,0,False,True,True,True,False,3,3,True,completo,53.333333333333336,53.33,53.333333333333336,True,True,53.333333333333336,True,50.0,True,True,True,True,53.333333333333336,33.33333333333333,0.0,20.0,53.33333333333333,calculavel,False,143,1,1,1,0,localizacao_valida,True,0.0,-26.8817621708329,-49.1368984259067,0.0,True,L2057,P_3902.42-53,45.0,53.333333333333336,1,True,False,True,rota_automatica_v1,50.72692373311115,189.06446340203567,0.2820907344175134,389.0,14.0,116.0,0.40549999999999997,False,True,False
3004.42-46,Cadastrada,100,Reforma e ampliação do prédio sede da GR-5 na ESEC Carijós/SC,CIPI,Projeto de Investimento em Infraestrutura,,1826.0,acima_de_934_dias,60.0,517142.6,True,P50_a_P75,05_com_investimento_utilizavel,,,,,,0,False,True,True,True,False,3,3,True,completo,53.333333333333336,53.33,53.333333333333336,True,True,53.333333333333336,True,50.0,True,True,True,True,53.333333333333336,33.33333333333333,0.0,20.0,53.33333333333333,calculavel,False,139,1,1,1,0,localizacao_valida,True,0.0,-27.4726200236847,-48.49153,0.0,True,L0924,P_3004.42-46,45.0,53.333333333333336,1,True,False,True,rota_automatica_v1,52.18116126373884,193.1944979890183,0.27606031169875733,399.0,14.0,122.0,0.41825,False,True,False
23374.42-70,Cadastrada,80,"Pavimentação e qualificação da Rua Isid Dutra, Santo Antônio de Lisboa",Transferegov.br,Obra,Construção,607.0,493_a_934_dias,80.0,3000000.0,True,P75_a_P90,05_com_investimento_utilizavel,,,,,,0,False,True,True,True,False,3,3,True,completo,53.333333333333336,53.33,53.333333333333336,True,True,53.333333333333336,True,40.0,True,True,True,True,53.333333333333336,26.666666666666664,0.0,26.666666666666664,53.33333333333333,calculavel,False,179,1,1,1,0,localizacao_valida,True,0.0,-27.48119,-48.52233,0.0,True,L0915,P_23374.42-70,45.0,53.333333333333336,1,True,False,True,rota_automatica_v1,52.26644090382587,193.43669216686544,0.27571466786314813,400.0,14.0,123.0,0.419875,False,True,False
