indice_no,id_no,tipo_no,id_projeto,nome,latitude,longitude,ipi_final,posicao_ipi_final,posicao_shortlist_227A,snap_source_m,snap_destination_m,snap_max_m,classe_snap,nome_via_source,nome_via_destination,apto_matriz_operacional,motivo_qualidade_operacional,indice_no_original_228,indice_no_operacional
0,ORIGEM,origem,,IFC,-27.0253,-48.6511,0.0,,0,29.38318666,29.38318666,29.38318666,ate_100m,Rua Basílio Pedro da Silva,Rua Basílio Pedro da Silva,True,origem_preservada,0,0
1,P_1325.42-17,projeto,1325.42-17,16 00967/2014,-26.36997493,-48.68618718,86.66666666666667,1.0,1,18.54127485,18.54127485,18.54127485,ate_100m,Rodovia Senador Luiz Henrique da Silveira,Rodovia Senador Luiz Henrique da Silveira,True,snap_ate_500m,1,1
2,P_34216.42-00,projeto,34216.42-00,CR 909543/2020 - REFORMA E REVITALIZAÇÃO DE ACESSO A ORLA DA AVENIDA ATLÂNTICA NO MUNICÍPIO DE BALNEÁRIO CAMBORIÚ/SC,-26.98777,-48.63172,80.0,3.0,2,15.15977981,15.15977981,15.15977981,ate_100m,Avenida Atlântica,Avenida Atlântica,True,snap_ate_500m,2,2
3,P_110504.42-83,projeto,110504.42-83,APOIO A PROJETO DE INFRAESTRUTURA TURÍSTICA - Reforma de Infraestrutura Urbana para adequação de espaços de Interesse Turístico na Orla da Lagoa da Conceição em Florianópolis/SC,-27.6061773,-48.4630532,80.0,5.0,3,1.800071987,1.800071987,1.800071987,ate_100m,Nova Ponte da Lagoa,Nova Ponte da Lagoa,True,snap_ate_500m,3,3
4,P_9504.42-01,projeto,9504.42-01,Pavimentação Morro do Garcia,-27.68997,-48.83934,73.33333333333333,15.0,4,4.872208608,4.872208608,4.872208608,ate_100m,,,True,snap_ate_500m,4,4
5,P_3517.42-11,projeto,3517.42-11,16 00072/2020,-26.447990188896,-48.9914486299503,73.33333333333333,17.0,5,136.8160795,136.8160795,136.8160795,100a500m,,,True,snap_ate_500m,5,5
6,P_33621.42-09,projeto,33621.42-09,CR 890011/2019 - CONSTRUÇÃO DE CALÇADÃO DE ACESSO A PRAÇA DO PESCADOR NO BAIRRO DA BARRA NO MUNICÍPIO DE BALNEÁRIO CAMBORIÚ/SC.,-27.00773,-48.60363,73.33333333333333,18.0,6,2.46979115,2.46979115,2.46979115,ate_100m,Rua José Francisco Vítor,Rua José Francisco Vítor,True,snap_ate_500m,6,6
7,P_59792.42-49,projeto,59792.42-49,"Etapa II do Prédio do Centro de Ciências, Tecnologia e Saúde (CTS-03) do Campus de Araranguá",-28.9491139502437,-49.49676553547981,73.33333333333333,19.0,7,40.21781193,40.21781193,40.21781193,ate_100m,,,True,snap_ate_500m,7,7
8,P_12670.42-00,projeto,12670.42-00,CTO nº 960/2010 - EVTEA - BR-282/SC,-27.5866979362084,-48.61643622,66.66666666666667,20.0,8,2.681993915,2.681993915,2.681993915,ate_100m,Rodovia Governador Mário Covas,Rodovia Governador Mário Covas,True,snap_ate_500m,8,8
9,P_17855.42-09,projeto,17855.42-09,Qualificação viária - adequação de obra de arte e adequação de vias - no município de Balneário Piçarras,-26.78037,-48.68259,66.66666666666667,21.0,9,32.12955421,32.12955421,32.12955421,ate_100m,Rua Ademar Pedro Ribeiro,Rua Ademar Pedro Ribeiro,True,snap_ate_500m,9,9
10,P_2188.42-70,projeto,2188.42-70,Edifício Sede da DRF/JOI,-26.3061391890651,-48.8326443538611,66.66666666666667,22.0,10,18.80123091,18.80123091,18.80123091,ate_100m,,,True,snap_ate_500m,10,10
11,P_2301.42-01,projeto,2301.42-01,00 01055/2013 - BR-470/SC - Gestão Ambiental,-26.8914945924456,-48.988771892851,66.66666666666667,24.0,11,3.108818862,3.108818862,3.108818862,ate_100m,Rodovia Ingo Hering,Rodovia Ingo Hering,True,snap_ate_500m,11,11
12,P_2320.42-90,projeto,2320.42-90,00 00086/2014 - BR-280/SC - EXECUÇÃO DE CONSULTORIA ESPECIALIZADA EM GESTÃO AMBIENTAL,-26.4485619375592,-48.8348502311734,66.66666666666667,25.0,12,2.445631276,2.445631276,2.445631276,ate_100m,Rodovia Senador Luiz Henrique da Silveira,Rodovia Senador Luiz Henrique da Silveira,True,snap_ate_500m,12,12
13,P_24598.42-45,projeto,24598.42-45,Novo Bloco de Salas de Aula (seriado),-26.2496112682818,-49.3500382758543,66.66666666666667,26.0,13,40.66448651,40.66448651,40.66448651,ate_100m,,,True,snap_ate_500m,13,13
14,P_3118.42-52,projeto,3118.42-52,Antiga Alfândega de Florianópolis/SC,-27.5974900238977,-48.55194,66.66666666666667,28.0,14,67.37080142,67.37080142,67.37080142,ate_100m,Avenida Paulo Fontes,Avenida Paulo Fontes,True,snap_ate_500m,14,14
15,P_5148.42-57,projeto,5148.42-57,RDC nº 10/2021 - Construção de nova edificação (prédio) destinada às atividades de pesquisa e inovação do Câmpus Florianópolis do IFSC.,-27.5939235590249,-48.5428439113937,66.66666666666667,31.0,15,19.51231146,19.51231146,19.51231146,ate_100m,,,True,snap_ate_500m,15,15
17,P_6323.42-42,projeto,6323.42-42,Obra de Requalificação da Fortaleza de São José da Ponta Grossa,-27.4309500236137,-48.5178,66.66666666666667,33.0,17,107.1377787,107.1377787,107.1377787,100a500m,Servidão da Carioca,Servidão da Carioca,True,snap_ate_500m,17,16
18,P_14274.42-90,projeto,14274.42-90,Pavimentação da rua Expedicionario João Liebel Sobrinho,-26.13739,-49.82852,66.66666666666667,34.0,18,0.610210919,0.610210919,0.610210919,ate_100m,Rua Expedicionário João Liebel Sobrinho,Rua Expedicionário João Liebel Sobrinho,True,snap_ate_500m,18,17
19,P_24840.42-02,projeto,24840.42-02,Pavimentação de via - Rua Emilio Jacobsen,-27.13478,-49.54005,66.66666666666667,35.0,19,0.6649725773,0.6649725773,0.6649725773,ate_100m,Rua Emílio Jacobsen,Rua Emílio Jacobsen,True,snap_ate_500m,19,18
20,P_1315.42-49,projeto,1315.42-49,16 00503/2019,-27.25507636,-49.94686193,66.66666666666667,37.0,20,5.537744275,5.537744275,5.537744275,ate_100m,Rodovia Ingo Hering,Rodovia Ingo Hering,True,snap_ate_500m,20,19
21,P_33718.42-94,projeto,33718.42-94,Intervenções para Recuperação e Restauração de Rodovias Federais na malha federal sob administração do DNIT no estado de SC,-28.1491670890411,-48.6918487246184,66.66666666666667,40.0,21,4.328595976,4.328595976,4.328595976,ate_100m,Rodovia Governador Mário Covas,Rodovia Governador Mário Covas,True,snap_ate_500m,21,20
22,P_4761.42-57,projeto,4761.42-57,PIAF 16.07.280 SC - Postos Integrados Automatizados de Fiscalização - PIAF - LOTE 19,-26.449940021942,-48.85628,66.66666666666667,41.0,22,2.445631276,2.445631276,2.445631276,ate_100m,Rodovia Senador Luiz Henrique da Silveira,Rodovia Senador Luiz Henrique da Silveira,True,snap_ate_500m,22,21
23,P_109912.42-72,projeto,109912.42-72,APOIO A PROJETOS DE INFRAESTRUTURA TURÍSTICA - Reforma da Praça Manoel Fortunato Sebastião e Construção de Trapiche no município de São Francisco do Sul - SC.,-26.2293037,-48.6121125,66.66666666666667,43.0,23,3.350100639,3.350100639,3.350100639,ate_100m,Rua Virgílio Machado Cidral,Rua Virgílio Machado Cidral,True,snap_ate_500m,23,22
24,P_110500.42-01,projeto,110500.42-01,Infraestrutura Turística na Orla da Praia do Iró no Município de Laguna/SC.,-28.498627,-48.758226,66.66666666666667,46.0,24,6.017491021,6.017491021,6.017491021,ate_100m,Rua Nestor M. Ramos,Rua Nestor M. Ramos,True,snap_ate_500m,24,23
25,P_110532.42-51,projeto,110532.42-51,APOIO A PROJETO DE INFRAESTRUTURA TURÍSTICA - Construção de Portais no município de São José-SC.,-27.6020416,-48.6116325,66.66666666666667,47.0,25,0.3161571016,0.3161571016,0.3161571016,ate_100m,,,True,snap_ate_500m,25,24
26,P_15027.42-76,projeto,15027.42-76,Campo de Futebol Municipal Quinca Ludo,-26.77818,-48.68263,66.66666666666667,48.0,26,74.89087214,74.89087214,74.89087214,ate_100m,Rua das Rosas,Rua das Rosas,True,snap_ate_500m,26,25
27,P_34193.42-70,projeto,34193.42-70,CR 909424/2020 - CONSTRUÇÃO DE PRAÇA NO MUNICÍPIO DE ATALANTA/SC,-27.41117,-49.7622,66.66666666666667,50.0,27,13.32073849,13.32073849,13.32073849,ate_100m,,,True,snap_ate_500m,27,26
28,P_15661.42-36,projeto,15661.42-36,Pavimentação Asfáltica de Via Pública no Município de Balneário Rincão/SC (Rua Sylvio Bittencourt - Etpa II),-28.50259,-49.17379,60.0,52.0,28,40.56728787,40.56728787,40.56728787,ate_100m,,,True,snap_ate_500m,28,27
29,P_17824.42-50,projeto,17824.42-50,Qualificação viária no município de Balneário Piçarras - Bairro Itacolomi,-26.73785,-48.69377,60.0,53.0,29,11.79694543,11.79694543,11.79694543,ate_100m,Rua Santa Luzia,Rua Santa Luzia,True,snap_ate_500m,29,28
30,P_24448.42-50,projeto,24448.42-50,Bloco de salas de aula (seriado),-26.2187700215491,-48.56942,60.0,54.0,30,28.33212635,28.33212635,28.33212635,ate_100m,Rua Professora Maria Stella Martins,Rua Professora Maria Stella Martins,True,snap_ate_500m,30,29
31,P_99255.42-58,projeto,99255.42-58,PARQUE LINEAR COM BACIA DE DETENCAO   RIO CAMBORIU EM CAMBORIU  SC,-27.02645,-48.64999,53.333333333333336,257.0,31,3.678300181,3.678300181,3.678300181,ate_100m,Rua Antônio Cassemiro Bittencourt,Rua Antônio Cassemiro Bittencourt,True,snap_ate_500m,31,30
32,P_5655.42-49,projeto,5655.42-49,Construção da quadra poliesportiva coberta do IFC Campus Camboriú.,-27.0165566960324,-48.6576739076863,53.333333333333336,157.0,32,38.37252613,38.37252613,38.37252613,ate_100m,Alameda Acadêmica,Alameda Acadêmica,True,snap_ate_500m,32,31
33,P_6606.42-35,projeto,6606.42-35,Delegacia e Unidade Operacional da Polícia Rodoviária Federal em Balneário Camboriú/SC,-27.0114800228983,-48.61459,60.0,91.0,33,11.73039878,11.73039878,11.73039878,ate_100m,Avenida Marginal Oeste,Avenida Marginal Oeste,True,snap_ate_500m,33,32
34,P_24600.42-07,projeto,24600.42-07,Ampliação de bloco para laboratórios do Curso de Agronomia,-27.01528708401,-48.6579864115706,46.66666666666666,361.0,34,5.541002777,5.541002777,5.541002777,ate_100m,Alameda Rio do Meio,Alameda Rio do Meio,True,snap_ate_500m,34,33
35,P_4931.42-00,projeto,4931.42-00,REFORMA DA ENFERMARIA DO CAMPUS CAMBORIÚ,-27.0157377492832,-48.6548174297229,46.66666666666666,313.0,35,53.39084228,53.39084228,53.39084228,ate_100m,Alameda Alma Mater,Alameda Alma Mater,True,snap_ate_500m,35,34
36,P_5659.42-08,projeto,5659.42-08,Construção da rampa de acesso ao segundo piso do Bloco J do IFC Campus Camboriú.,-27.0164351937271,-48.65984764138,46.66666666666666,319.0,36,16.62161299,16.62161299,16.62161299,ate_100m,Alameda da Capela,Alameda da Capela,True,snap_ate_500m,36,35
37,P_63721.42-47,projeto,63721.42-47,Construção do Ginásio CIE,-27.01653009224355,-48.65822479997291,40.0,746.0,37,8.680794139,8.680794139,8.680794139,ate_100m,Alameda Acadêmica,Alameda Acadêmica,True,snap_ate_500m,37,36
38,P_5657.42-73,projeto,5657.42-73,Aquisição de plataforma elevatória para o IFC Campus Camboriú.,-27.0151767479879,-48.6580073961675,40.0,494.0,38,13.8645516,13.8645516,13.8645516,ate_100m,Alameda Rio do Meio,Alameda Rio do Meio,True,snap_ate_500m,38,37
39,P_5658.42-30,projeto,5658.42-30,Construção de escada de acesso ao segundo piso do setor de abatedouro do IFC Campus Camboriú.,-27.0141260483745,-48.6594423920729,40.0,495.0,39,32.9810957,32.9810957,32.9810957,ate_100m,Alameda Universitária,Alameda Universitária,True,snap_ate_500m,39,38
40,P_39119.42-06,projeto,39119.42-06,Escola em Tempo Integral no bairro São Francisco de Assis,-27.02658,-48.63175,40.0,713.0,40,32.35395866,32.35395866,32.35395866,ate_100m,Rua São Gustavo,Rua São Gustavo,True,snap_ate_500m,40,39
41,P_4929.42-30,projeto,4929.42-30,CONSTRUÇÃO DO CENTRO DE INICIAÇÃO AO ESPORTE DO IFC CAMPUS CAMBORIU,-27.0159786817851,-48.6554200643444,40.0,733.0,41,35.76384731,35.76384731,35.76384731,ate_100m,Alameda Alma Mater,Alameda Alma Mater,True,snap_ate_500m,41,40
42,P_49792.42-59,projeto,49792.42-59,CONSTRUÇÃO DE UNIDADE BÁSICA DE SAÚDE,-27.0029,-48.6619,40.0,735.0,42,13.04807544,13.04807544,13.04807544,ate_100m,Rua Monte Castelito,Rua Monte Castelito,True,snap_ate_500m,42,41
43,P_118283.42-62,projeto,118283.42-62,"Construção de Pista de Skate, Patins e Similares no Município de Balneário Camboriú/SC.",-26.9952814,-48.6306498,40.0,642.0,43,6.104230388,6.104230388,6.104230388,ate_100m,Rua 2450,Rua 2450,True,snap_ate_500m,43,42
44,P_49791.42-02,projeto,49791.42-02,CONSTRUÇÃO DE UNIDADE BÁSICA DE SAÚDE,-27.04264366358764,-48.65226611812593,40.0,734.0,44,29.45864954,29.45864954,29.45864954,ate_100m,Rua Avelino Bertelli,Rua Avelino Bertelli,True,snap_ate_500m,44,43
45,P_19256.42-84,projeto,19256.42-84,Pavimentação em vias urbanas do município de Balneário Camboriú.,-26.9864,-48.6428,40.0,679.0,45,0.3971073194,0.3971073194,0.3971073194,ate_100m,,,True,snap_ate_500m,45,44
46,P_33602.42-20,projeto,33602.42-20,"CR 909103/2020 - IMPLANTAÇÃO DE SINALIZAÇÃO TURÍSTICA E INTERPRETATIVA, NO MUNICÍPIO DE BALNEÁRIO CAMBORIÚ/ SC.",-27.006,-48.62794,33.333333333333336,986.0,46,0.5628364392,0.5628364392,0.5628364392,ate_100m,5ª Avenida,5ª Avenida,True,snap_ate_500m,46,45
47,P_49010.42-20,projeto,49010.42-20,AMPLIAÇÃO DE UNIDADE BÁSICA DE SAÚDE,-26.978954600803508,-48.64911854267121,40.0,559.0,47,24.39425511,24.39425511,24.39425511,ate_100m,,,True,snap_ate_500m,47,46
48,P_103299.42-41,projeto,103299.42-41,Macrodrenagem da Praia Central de Balneário Camboriú - Trecho Sul,-26.99089,-48.62905,33.333333333333336,1116.0,48,8.753462263,8.753462263,8.753462263,ate_100m,Avenida Atlântica,Avenida Atlântica,True,snap_ate_500m,48,47
49,P_55491.42-41,projeto,55491.42-41,CONSTRUÇÃO DE UNIDADE DE PRONTO ATENDIMENTO - PORTE I,-27.08759437552025,-48.629007339477546,46.66666666666666,431.0,49,42.69373689,42.69373689,42.69373689,ate_100m,Rua 816 A,Rua 816 A,True,snap_ate_500m,49,48
50,P_26009.42-23,projeto,26009.42-23,"EXECUÇÃO DE OBRAS E SERVIÇOS DE ENGENHARIA PARA PAVIMENTAÇÃO ASFÁLTICA E IMPLANTAÇÃO DE INFRAESTRUTURA VIÁRIA NA RUA DAMASCO, LOCALIZADA NO MUNICÍPIO DE CAMBORIÚ/SC.",-27.0237,-48.66061,26.666666666666668,1575.0,50,35.76267825,35.76267825,35.76267825,ate_100m,Rua Tarci Testoni dos Santos,Rua Tarci Testoni dos Santos,True,snap_ate_500m,50,49
51,P_93049.42-75,projeto,93049.42-75,Reforma e Ampliação do Setor de Bovinocultura de Leite do Instituto Federal Catarinense Campus Camboriú,-27.014991206304103,-48.65481254246876,26.666666666666668,1647.0,51,17.05228329,17.05228329,17.05228329,ate_100m,Alameda Alma Mater,Alameda Alma Mater,True,snap_ate_500m,51,50
52,P_26081.42-00,projeto,26081.42-00,Contratação de execução de reforma elétrica na DPF/IJI/SC,-26.8885900226889,-48.69013,46.66666666666666,302.0,52,30.46379601,30.46379601,30.46379601,ate_100m,Rua Pedro Camilo Vicente,Rua Pedro Camilo Vicente,True,snap_ate_500m,52,51
53,P_3886.42-09,projeto,3886.42-09,Obra de Reforma no CEPSUL,-26.9093200227242,-48.65214,46.66666666666666,306.0,53,6.960665126,6.960665126,6.960665126,ate_100m,,,True,snap_ate_500m,53,52
54,P_1535.42-53,projeto,1535.42-53,16 01093/2013,-26.83351337,-48.73664451,46.66666666666666,449.0,54,9.222752832,9.222752832,9.222752832,ate_100m,Rodovia Ingo Hering,Rodovia Ingo Hering,True,snap_ate_500m,54,53
55,P_17254.42-03,projeto,17254.42-03,PONTE,-26.51572,-48.8006,60.0,66.0,55,35.38287581,35.38287581,35.38287581,ate_100m,Rua José Isídio de Lima,Rua José Isídio de Lima,True,snap_ate_500m,55,54
56,P_16382.42-81,projeto,16382.42-81,Reforma e Adequação do Bloco A do CED,-27.602118172126147,-48.52288697055295,60.0,104.0,56,45.69018989,45.69018989,45.69018989,ate_100m,Rua Engenheiro Agrônomo Andrey Cristian Ferreira / Rua Engenheiro Agrônomo Andrey Cristian Ferreira,Rua Engenheiro Agrônomo Andrey Cristian Ferreira / Rua Engenheiro Agrônomo Andrey Cristian Ferreira,True,snap_ate_500m,56,55
57,P_3855.42-27,projeto,3855.42-27,Obra instalação novo Angiógrafo,-27.5974400238976,-48.51841,60.0,60.0,57,38.70458843,38.70458843,38.70458843,ate_100m,,,True,snap_ate_500m,57,56
58,P_28891.42-01,projeto,28891.42-01,[GAS] OBRA DE RECUPERAÇÃO E REFORÇO ESTRUTURAL DO BLOCO 2,-26.9014173690317,-49.0045085643298,53.333333333333336,187.0,58,1.493924487,1.493924487,1.493924487,ate_100m,,,True,snap_ate_500m,58,57
59,P_50614.42-33,projeto,50614.42-33,"CONTRATAÇÃO DE EMPRESA ESPECIALIZADA PARA A ELABORAÇÃO PROJETOS EXECUTIVOS DE ARQUITETURA E ENGENHARIA PARA REFORMA DA COBERTURA, REINSTALAÇÃO DE SISTEMA FOTOVOLTAICO E REGULARIZAÇÃO DO CAMPUS",-27.6000719406735,-48.5722552294677,53.333333333333336,252.0,59,41.18050951,41.18050951,41.18050951,ate_100m,,,True,snap_ate_500m,59,58
60,P_31212.42-37,projeto,31212.42-37,"Requalificação viária com a implantação de drenagem pluvial, pavimentação e sinalização viária da Rua Manoel Ferreira",-26.77887,-48.67991,40.0,689.0,60,1.994399833,1.994399833,1.994399833,ate_100m,Rua Manoel Ferreira,Rua Manoel Ferreira,True,snap_ate_500m,60,59
61,P_45166.42-17,projeto,45166.42-17,Sedec - Recuperação de Infraestrutura afetada por desastre 59053.010353/2023-40,-27.003050022884,-48.66916,20.0,2465.0,61,8.015516977,8.015516977,8.015516977,ate_100m,Rua Brinco de Princesa,Rua Brinco de Princesa,True,snap_ate_500m,61,60
62,P_53517.42-71,projeto,53517.42-71,CENTRO DE INOVAÇÃO DO MUNICÍPIO DE BRUSQUE,-27.1029709830002,-48.9155537629531,60.0,83.0,62,16.87074666,16.87074666,16.87074666,ate_100m,,,True,snap_ate_500m,62,61
63,P_42333.42-65,projeto,42333.42-65,CR 799349/2013 - PAVIMENTAÇÃO E URBANIZAÇÃO DA VIA TURÍSTICA DENOMINADA AVENIDA GOVERNADOR CELSO RAMOS - PRAIA DE PEREQUÊ,-27.1493700231334,-48.57758,46.66666666666666,452.0,63,61.39586517,61.39586517,61.39586517,ate_100m,Avenida Senador Atílio Fontana,Avenida Senador Atílio Fontana,True,snap_ate_500m,63,62
64,P_108792.42-00,projeto,108792.42-00,Ampliação de Sistema de abastecimento de Agua do município de Ilhota - SC,-26.890234,-48.830703,46.66666666666666,408.0,64,3.28650486,3.28650486,3.28650486,ate_100m,Rua João Carlos Gretter,Rua João Carlos Gretter,True,snap_ate_500m,64,63
65,P_136087.42-31,projeto,136087.42-31,OBRAS DE MELHORAMENTO FLUVIAL NO CANAL RETIFICADO DO RIO ITAJAÍ MIRIM NO MUNICÍPIO DE ITAJAÍ EM SANTA CATARINA.,-26.9029200227133,-48.68097,40.0,665.0,65,6.420857087,6.420857087,6.420857087,ate_100m,Rua José Pinto d'Amaral,Rua José Pinto d'Amaral,True,snap_ate_500m,65,64
66,P_6250.42-96,projeto,6250.42-96,Contratação de projeto elétrico para a DPF/IJI/SC,-26.9055800227178,-48.65537,40.0,500.0,66,18.53543034,18.53543034,18.53543034,ate_100m,Rua Lauro Müller,Rua Lauro Müller,True,snap_ate_500m,66,65
67,P_25377.42-07,projeto,25377.42-07,Contratação de execução da substituição parcial da cobertura da Delegacia de Polícia Federal em Itajaí/SC (DPF/IJI/SC),-26.9001900227086,-48.67029,40.0,474.0,67,27.5154103,27.5154103,27.5154103,ate_100m,Rua Pedro Antônio Fayal,Rua Pedro Antônio Fayal,True,snap_ate_500m,67,66
68,P_101337.42-43,projeto,101337.42-43,Implantação do Parque Inundável Multiuso de Camboriú - SC,-27.04149,-48.68331,33.333333333333336,1112.0,68,176.524421,176.524421,176.524421,100a500m,Rua José João Custódio,Rua José João Custódio,True,snap_ate_500m,68,67
69,P_96874.42-18,projeto,96874.42-18,EXECUÇÃO DE OBRAS E ENGENHARIA DE PAVIMENTAÇÃO ASFALTÁTICA E INFRAESTRUTURA VIÁRIA,-27.07167,-48.71139,33.333333333333336,1217.0,69,3.274214354,3.274214354,3.274214354,ate_100m,Rua Manoel Gaspar da Cruz,Rua Manoel Gaspar da Cruz,True,snap_ate_500m,69,68
70,P_127973.42-68,projeto,127973.42-68,Sedec - Recuperação de Infraestrutura afetada por desastre 59050.001342/2011-65,-27.0561100229744,-48.68351,26.666666666666668,1522.0,70,4.53239728,4.53239728,4.53239728,ate_100m,Estrada Paulo Dallago,Estrada Paulo Dallago,True,snap_ate_500m,70,69
71,P_47268.42-66,projeto,47268.42-66,CONSTRUÇÃO DE UNIDADE DE PRONTO ATENDIMENTO - PORTE I,-27.1525527,-48.5085336,53.333333333333336,191.0,71,12.771731,12.771731,12.771731,ate_100m,Avenida Falcão,Avenida Falcão,True,snap_ate_500m,71,70
72,P_16870.42-72,projeto,16870.42-72,Pavimentação de Vias Urbanas no Municipio de Canelinha,-27.26884,-48.76408,53.333333333333336,169.0,72,5.486111505,5.486111505,5.486111505,ate_100m,Rua Juvêncio Mafra,Rua Juvêncio Mafra,True,snap_ate_500m,72,71
74,P_1314.42-81,projeto,1314.42-81,16 00355/2014,-26.8964721,-48.92166243,46.66666666666666,447.0,74,9.677805108,9.677805108,9.677805108,ate_100m,Rodovia Ingo Hering,Rodovia Ingo Hering,True,snap_ate_500m,74,72
75,P_91244.43-16,projeto,91244.43-16,Sedec - Recuperação de Infraestrutura afetada por desastre 59053.000041/2016-07,-26.8974400227039,-48.64918,40.0,625.0,75,15.87158606,15.87158606,15.87158606,ate_100m,Rua Arnaldo Passos,Rua Arnaldo Passos,True,snap_ate_500m,75,73
76,P_24552.42-68,projeto,24552.42-68,Recuperação e pavimentação de estradas vicinais,-27.28249,-48.72808,46.66666666666666,360.0,76,4.449973772,4.449973772,4.449973772,ate_100m,Rua Jander Steil,Rua Jander Steil,True,snap_ate_500m,76,74
77,P_47820.42-05,projeto,47820.42-05,REFORMA DE UNIDADE BÁSICA DE SAÚDE,-27.23658,-48.62179,40.0,558.0,77,1.404387897,1.404387897,1.404387897,ate_100m,Rua Lauro Müller,Rua Lauro Müller,True,snap_ate_500m,77,75
78,P_17858.42-68,projeto,17858.42-68,"Qualificação viária - Drenagem, pavimentação, calçadas e sinalização viária no município de Balneário Piçarras",-26.7641,-48.68106,40.0,516.0,78,24.49919057,24.49919057,24.49919057,ate_100m,,,True,snap_ate_500m,78,76
79,P_39844.42-23,projeto,39844.42-23,Construção de Escola em Tempo Integral Navegantes/SC FNDE  Escola 13 salas,-26.87576,-48.65515,40.0,716.0,79,25.14309977,25.14309977,25.14309977,ate_100m,Rua Divo Caetano Lopes,Rua Divo Caetano Lopes,True,snap_ate_500m,79,77
80,P_44293.43-73,projeto,44293.43-73,Sedec - Recuperação de Infraestrutura afetada por desastre 59053.002656/2019-11,-26.7650000224783,-48.64833,40.0,548.0,80,1.44039988,1.44039988,1.44039988,ate_100m,Rua João Francisco das Neves,Rua João Francisco das Neves,True,snap_ate_500m,80,78
81,P_21223.42-60,projeto,21223.42-60,[GAS] Recuperação Estrutural do Bloco II . IFSC Campus Gaspar,-26.9012062488568,-49.0042256880071,53.333333333333336,174.0,81,17.67737311,17.67737311,17.67737311,ate_100m,,,True,snap_ate_500m,81,79
82,P_441.42-37,projeto,441.42-37,UBSI Aldeia M'Biguaçu,-27.4626100236676,-48.63906,46.66666666666666,309.0,82,46.70547586,46.70547586,46.70547586,ate_100m,Rua Lincks Siqueira,Rua Lincks Siqueira,True,snap_ate_500m,82,80
83,P_45662.42-62,projeto,45662.42-62,CONSTRUÇÃO DE UNIDADE DE ATENÇÃO ESPECIALIZADA EM SAÚDE,-26.78313,-48.64168,40.0,731.0,83,10.49461268,10.49461268,10.49461268,ate_100m,Rua Pedro José Vicente,Rua Pedro José Vicente,True,snap_ate_500m,83,81
84,P_14791.42-17,projeto,14791.42-17,GAS - Reforma da Quadra Poliesportiva Coberta no IFSC Câmpus Gaspar,-26.9015003516453,-49.0041616113658,53.333333333333336,119.0,84,2.789793686,2.789793686,2.789793686,ate_100m,,,True,snap_ate_500m,84,82
85,P_42623.42-12,projeto,42623.42-12,Contrução de Escola em Tempo Integral bairro Pocinho Ilhota/SC - Escola 13 Salas,-26.89538,-48.83252,40.0,727.0,85,31.10379479,31.10379479,31.10379479,ate_100m,,,True,snap_ate_500m,85,83
86,P_38944.42-12,projeto,38944.42-12,"Escola em Tempo Integral, Bairro Areias, Tijucas/SC - FNDE - Escola 13 Salas",-27.21981,-48.658,40.0,712.0,86,15.68403747,15.68403747,15.68403747,ate_100m,Avenida José Leal da Silva,Avenida José Leal da Silva,True,snap_ate_500m,86,84
87,P_38071.42-91,projeto,38071.42-91,"Construção de Creche em Tempo Integral - Educação Infantil - FNDE - Creche Tipo 1, no Município de Ilhota/SC.",-26.91304,-48.84333,40.0,706.0,87,63.49384373,63.49384373,63.49384373,ate_100m,Rua Luiz Trindade,Rua Luiz Trindade,True,snap_ate_500m,87,85
88,P_124708.42-61,projeto,124708.42-61,OBRA PARA CONTROLE DE CHEIAS E EROSÃO MARINHA - Implantação de molhe no rio Gravatá - Etapa 01.,-26.8234309,-48.627049,40.0,649.0,88,1.234917825,1.234917825,1.234917825,ate_100m,Rua Argentina,Rua Argentina,True,snap_ate_500m,88,86
89,P_42792.42-85,projeto,42792.42-85,"Reforma e construção de infraestrutura com aquisição de equipamento no Centro de Eventos Maria Celina Vidotto Imhof, no município de Brusque/SC.",-27.0969,-48.906,40.0,607.0,89,42.99954645,42.99954645,42.99954645,ate_100m,Rua Gentil Battisti Archer,Rua Gentil Battisti Archer,True,snap_ate_500m,89,87
